0.81780565,-0.42161536,-0.58386767,0.41584712
1.00959873,-0.04278130,-0.63651460,-0.16897918
1.02906430,-0.40343881,-0.38871938,-0.06086201
0.99924171,-0.40617433,-0.44018576,0.03327583
0.91372699,-0.46979222,-0.47773096,0.24342604
0.94355810,-0.46687785,-0.45167017,0.17738627
0.75275332,-0.26242468,-0.74757802,0.49248797
0.91997898,-0.61370039,-0.31011352,0.21167947
0.98736048,-0.34955919,-0.50448984,0.05458868
0.72383046,-0.63426626,-0.41516763,0.57361025
0.96222740,-0.00297116,-0.71457070,-0.07329989
0.55257690,0.49176890,-1.06013858,0.21752642
0.94995534,0.19718133,-0.68336624,-0.31964570
0.91504794,-0.00611664,-0.77122283,0.04669644
0.92421740,-0.18751244,-0.68160444,0.14079067
0.92144573,-0.09207646,-0.74121308,0.10284825
0.76043504,0.39435735,-0.93881875,-0.04287784
0.92292792,0.36521012,-0.69309700,-0.46751651
0.97983843,0.30268314,-0.56333488,-0.60600591
1.04104853,0.09514100,-0.49627045,-0.51615083
0.90249169,0.40993521,-0.69732529,-0.49008316
1.04116392,0.14436784,-0.47223979,-0.59850603
1.08083820,-0.14247039,-0.42158049,-0.37671232
0.91722649,0.26297230,-0.79089779,-0.23693629
0.97757614,0.13132156,-0.70807040,-0.24915518
0.99831653,-0.02672993,-0.66598243,-0.14147118
0.99275941,0.23677638,-0.62866408,-0.47357944
1.00056779,0.00498568,-0.66711897,-0.17847303
1.04478061,0.07228108,-0.54432571,-0.44107303
0.98725373,0.16339180,-0.68607825,-0.32072222
1.05368185,0.06722217,-0.50806147,-0.48584467
1.06550872,-0.15731184,-0.48523003,-0.27174467
1.05244315,-0.21690033,-0.49241728,-0.18184938
1.09793568,-0.24824528,-0.24975781,-0.46835563
1.08061981,-0.29161212,-0.33804637,-0.30155757
1.00845313,-0.58106071,-0.18830819,-0.06081297
1.01310599,-0.45281148,-0.37192056,-0.00593120
1.05362761,-0.04722290,-0.52789360,-0.33477700
1.09553623,-0.16140714,-0.29268891,-0.51561785
0.95683306,-0.01418312,-0.73187327,-0.03529377
1.02409053,-0.20409654,-0.55811942,-0.09101323
1.07072008,0.04664611,-0.35980234,-0.64712989
1.03091192,0.16393390,-0.53363603,-0.54054385
1.06659770,-0.10218398,-0.49404100,-0.32525203
1.08643150,-0.20992348,-0.09823711,-0.66735482
1.09346211,-0.27214891,-0.12205939,-0.57866758
1.04103971,-0.55532360,-0.00078037,-0.33559471
1.08198118,-0.09823188,-0.41604719,-0.43399897
1.02425587,-0.14589040,-0.58039528,-0.13194011
0.91112578,-0.08576286,-0.75665468,0.12460792
1.03001630,-0.33211857,-0.45265168,-0.07103214
1.04437172,-0.48725897,-0.15693715,-0.24202338
0.95472527,-0.31891853,-0.57410294,0.13453233
0.97553384,-0.56077462,-0.22719467,-0.00312335
1.07034934,-0.14670175,-0.40345263,-0.38029045
0.97952062,0.10662933,-0.69108701,-0.24246469
0.95617753,0.28156853,-0.67650014,-0.42938057
0.83867633,0.56194562,-0.40491608,-0.91500121
0.93792295,0.03910664,-0.75988644,-0.04272908
0.99427778,-0.44905403,-0.38384247,0.02440235
0.99158031,-0.66737980,0.06915156,-0.23139855
0.98989475,0.27635631,-0.50029248,-0.65796608
1.01168394,-0.18642649,-0.52952164,-0.12875932
0.99917847,0.04242984,-0.64586753,-0.24275874
0.99582362,-0.43021134,-0.41932446,0.04096837
0.88554466,-0.14426933,-0.74571627,0.20723350
0.85168111,-0.24309051,-0.71294808,0.32030544
1.02406752,-0.23537919,-0.52882785,-0.08839066
1.01065826,0.02740266,-0.64557040,-0.23913935
0.88496155,0.14196445,-0.83336574,-0.01684615
0.95786178,-0.19980882,-0.64286655,0.07344776
0.92187005,-0.37588409,-0.56261224,0.22302879
0.69089758,-0.06249606,-0.88304335,0.48815662
1.06043911,-0.11916712,-0.48558715,-0.30858162
0.66607326,0.36505362,-0.98421156,0.14736620
0.76586711,0.01610517,-0.88298869,0.31482407
0.65275550,0.13601336,-0.97280079,0.40768865
0.02788721,0.84701079,-1.07953703,0.43206099
0.91623908,-0.02902938,-0.76503211,0.06426023
0.67735326,-0.38942832,-0.67392147,0.63869083
0.89242566,0.08645839,-0.82205462,0.02463376
0.82082826,-0.05118594,-0.82994580,0.26939139
1.01942360,-0.08019975,-0.60580093,-0.17216113
1.00484622,-0.33637267,-0.50022882,0.01522374
0.76297939,0.31663123,-0.95058626,0.05490724
0.81389964,0.09633669,-0.89038467,0.17840391
0.91822046,0.05766909,-0.78499025,-0.01339482
0.88173336,-0.24894586,-0.68626034,0.26319507
0.97308290,-0.16006872,-0.64815587,0.01737517
0.46310151,0.79154944,-1.03385198,-0.04829516
0.89421231,0.47539678,-0.67039961,-0.58446205
0.89728653,0.11145686,-0.82353920,-0.00736379
0.83278477,0.10704800,-0.87865341,0.13192126
0.99156308,-0.20814599,-0.60449076,0.00198449
1.02322042,-0.14642657,-0.58697402,-0.12283520
1.04818785,0.00353133,-0.55076295,-0.36031356
0.93723476,0.34646374,-0.69825774,-0.45682159
1.08372366,-0.21147083,-0.38754463,-0.34017947
1.01644611,-0.08449349,-0.62072849,-0.14732572
0.92440999,0.08058932,-0.78390825,-0.04741314
0.62323201,0.51236117,-1.02444983,0.07470343
0.80496949,0.40195727,-0.90822005,-0.13587098
0.69466269,0.59628367,-0.94755650,-0.18624341
0.92531276,0.44175860,-0.61563790,-0.64274597
0.97997880,0.18139748,-0.69362360,-0.32437271
1.01757145,0.21439391,-0.53678459,-0.57879353
0.82119930,0.57377332,-0.75554764,-0.51786506
1.07007873,0.05315517,-0.32708633,-0.69019163
1.07931447,0.00297180,-0.36758345,-0.59898013
1.02801049,0.18187380,-0.51470059,-0.57857090
0.97414809,0.25964040,-0.67412806,-0.42763653
1.05814755,-0.03284115,-0.52602845,-0.35816342
1.00391734,0.27018225,-0.38092658,-0.79986942
1.07945216,-0.12967664,-0.41427964,-0.39769137
1.04955041,-0.02800508,-0.55062079,-0.32649040
1.02862859,0.19783358,-0.33574590,-0.79665315
1.05843604,0.06041308,-0.49569049,-0.49733350
1.06373143,0.08512077,-0.37286803,-0.66800857
1.05872059,0.04942450,-0.49167532,-0.48975208
1.06828332,-0.39258695,0.04586107,-0.60166192
1.03126693,-0.31991208,-0.45915201,-0.07895162
1.01779282,-0.09998396,-0.61236382,-0.14072053
1.05829668,-0.15507004,-0.49950859,-0.25020760
1.01755774,-0.48413488,-0.31159189,-0.04290463
0.93830675,-0.71779478,-0.07461068,0.04579472
0.91647220,-0.72477871,-0.10461266,0.11177153
0.87208676,-0.41139808,-0.56210732,0.31873789
0.98765403,-0.67596710,0.05508881,-0.20161819
1.04196823,-0.55949825,0.00291390,-0.33605850
0.92571604,-0.73507750,0.30900574,-0.34796634
1.01836622,-0.52669638,0.19751631,-0.56317151
0.85079986,-0.81164271,0.40951088,-0.28903994
0.96607161,-0.67359370,-0.10279374,-0.00397046
1.02415681,-0.48752150,0.18737359,-0.60254008
1.04490614,-0.53438234,-0.00403687,-0.35992393
1.01383305,-0.38677481,0.22652817,-0.74797893
0.91150016,-0.73451650,0.32555410,-0.35096985
1.02220237,-0.57996172,-0.10514587,-0.17025822
0.90608203,0.32603207,-0.78378147,-0.30329821
0.92409152,0.22743751,-0.78112197,-0.21556355
1.02176535,-0.02435076,-0.62066913,-0.22114718
0.87071061,0.08404563,-0.83131862,0.06221861
0.93274021,0.11400633,-0.76935661,-0.11068337
1.01314044,-0.04758197,-0.62953085,-0.17535703
0.99681342,-0.13050090,0.18973745,-0.97640592
1.07355928,-0.28841764,0.02012562,-0.69628191
1.03425443,-0.40726039,-0.37435925,-0.07842515
1.01579976,-0.36157238,0.22805825,-0.78029412
0.93325061,-0.15048634,0.32543659,-1.03325820
1.05033207,0.09291338,-0.31987908,-0.72068554
1.08692813,-0.11487386,-0.34254792,-0.50274462
0.86238980,-0.29004711,-0.67604733,0.31997383
1.08830881,-0.15660958,-0.31486598,-0.48814103
1.03695893,-0.10115602,0.05016670,-0.89931327
1.03040838,-0.34819883,-0.42957613,-0.07907586
1.02338326,-0.51397955,-0.25306898,-0.08108439
0.95868725,-0.31648883,-0.57672673,0.13024105
0.94215459,-0.36578751,-0.55704433,0.18252452
0.96487260,-0.29954666,-0.57913148,0.10684616
0.92585355,-0.11351249,-0.72932893,0.10876877
0.96995211,0.15847966,-0.71523589,-0.26314342
1.00100100,-0.16169176,-0.61424869,-0.05013462
0.93926024,-0.23271181,-0.65293622,0.14275450
1.05240786,-0.22882134,-0.47828799,-0.18412602
0.72204423,0.60334951,-0.91932553,-0.25660878
0.81007767,0.55399233,-0.81185073,-0.42027581
0.86843967,0.43887168,-0.78233194,-0.38946578
1.06316090,-0.18014675,-0.47915301,-0.25014180
1.00677311,-0.11840857,-0.62444097,-0.09405468
1.01254404,-0.11241160,-0.62041152,-0.11182221
0.94528437,-0.30064651,-0.60112309,0.15473044
1.06643200,-0.24969241,-0.43183127,-0.22823489
1.01241577,0.01069431,-0.63305086,-0.23625642
0.99246800,0.02780026,-0.68863690,-0.17103836
1.04532468,-0.15011999,-0.53951848,-0.19653848
1.04851234,-0.10926364,-0.54762727,-0.23712537
0.97940248,-0.26541528,-0.58850813,0.06242681
1.00930381,-0.20788622,-0.58371085,-0.04151503
1.05004203,-0.30707371,-0.43706349,-0.13924660
1.07110560,-0.36455536,0.04348193,-0.63377476
1.08058274,-0.24915442,-0.38368854,-0.29848033
1.04957736,0.06857256,-0.53130078,-0.45683104
1.04226100,-0.34744695,-0.41841814,-0.10575277
1.06186199,-0.00954833,-0.49667144,-0.42131031
1.07243371,-0.36924881,-0.28770685,-0.26094982
1.08320427,-0.23050921,-0.37065741,-0.33696520
0.89930397,0.14438817,0.20870891,-1.19695842
1.03124332,-0.20981631,0.14912473,-0.88072896
1.08040547,-0.09552196,-0.28889769,-0.57695138
1.05978858,0.09553808,-0.33577862,-0.71661401
1.05982876,-0.43126270,-0.27331892,-0.19288425
1.07421243,-0.44438764,-0.03757766,-0.45704201
1.01501846,-0.56120437,-0.20234755,-0.07495539
1.08776593,-0.15541027,-0.38817355,-0.40719253
0.92118764,-0.16079651,-0.70919490,0.14486687
0.84129745,-0.34591374,-0.64798826,0.37547517
1.06632125,-0.44644937,-0.15988450,-0.30951539
0.85174245,0.02712700,-0.83626670,0.15328318
0.74699181,0.00473020,-0.89672184,0.36427379
0.62453854,0.43592036,-1.03058708,0.16616610
0.74609959,0.09938258,-0.92910087,0.29474807
0.69035125,0.14471792,-0.96900427,0.35115957
0.74321806,0.22079979,-0.95512807,0.19024599
0.32475400,0.51707828,-1.10385931,0.49524277
0.29217601,0.64214212,-1.11785388,0.40679124
0.72796172,0.42216557,-0.97371686,0.00139068
0.98547000,-0.11913119,-0.65444171,-0.03573258
0.74586087,0.27715775,-0.96455532,0.13428342
0.85551387,0.25515866,-0.86821002,-0.07223375
0.76394147,0.03125098,-0.89534247,0.31370643
0.94697595,0.06915089,-0.75724655,-0.08974419
0.79734325,0.21767133,-0.92455554,0.09852583
0.57863384,0.36031660,-1.04809630,0.32272008
0.99306118,-0.06862110,-0.66229743,-0.09245225
1.05984163,0.04251932,-0.43046612,-0.55144602
1.03054106,-0.08485807,-0.57581431,-0.21289392
1.02417350,0.00412402,-0.61343646,-0.26400167
1.09383917,-0.15253265,-0.23636016,-0.58646208
1.03281140,0.06692959,-0.58765823,-0.37323171
0.99857855,0.04682991,-0.67425430,-0.21540584
1.09620380,-0.22389163,-0.30210781,-0.43549636
1.03506374,-0.08024003,-0.57906026,-0.21959040
1.04023993,-0.48062572,-0.26269352,-0.12698175
1.01893687,-0.22976720,-0.54642183,-0.06930786
1.05670226,-0.46913695,-0.22148976,-0.20444249
1.08782959,-0.36168480,-0.11285141,-0.48171094
1.03469646,-0.46889150,-0.30085260,-0.09141280
1.07710707,-0.26855958,-0.37117887,-0.28663385
1.07323694,-0.44623533,-0.16493176,-0.31194910
1.07109046,-0.42794544,-0.02083092,-0.49069402
1.02741885,-0.13396099,-0.56748098,-0.16334236
1.10005331,-0.24053559,-0.21546717,-0.51764280
1.04317188,0.09358811,-0.52727723,-0.48225141
0.99355513,0.23147692,-0.62143570,-0.47656411
1.03426719,-0.37509698,-0.39722389,-0.08918981
1.05742776,-0.17019169,-0.50178397,-0.22965740
1.08266413,-0.16160609,-0.41814259,-0.36105305
1.06077373,-0.33629626,-0.37127495,-0.19176862
0.99926406,0.00198285,-0.66445261,-0.17658816
1.04788411,-0.12621936,-0.53341961,-0.23314822
0.90450084,0.00956586,-0.79581594,0.06835731
1.06267631,-0.08815707,-0.50817478,-0.32087001
1.06253850,-0.12857103,-0.01275201,-0.82723665
1.07896447,-0.21405952,-0.40510756,-0.31231415
1.01604569,0.11207697,-0.61541295,-0.37420756
1.03996456,0.04300598,-0.57557172,-0.36783776
0.97377175,0.25332621,-0.68232805,-0.41096196
1.00190639,0.05279880,-0.67104238,-0.22946955
1.02512658,0.07946506,-0.61503023,-0.34816489
0.94856799,-0.14397047,-0.69202882,0.07583871
0.96097195,-0.24960938,-0.62103665,0.10170154
0.75764346,0.17928168,-0.94191152,0.20597872
0.48343617,0.28742394,-1.05254507,0.51738286
0.86123782,0.24198997,-0.86736083,-0.06481703
0.93661565,0.20375334,-0.76241338,-0.22388904
0.91018134,0.35272434,-0.76773202,-0.35588074
0.99627566,0.12109917,-0.67493266,-0.29570177
0.97272861,0.05180071,-0.71816868,-0.14285363
0.91481680,0.22746725,-0.80409145,-0.17951921
1.03442097,-0.27788803,-0.48094469,-0.10556787
0.95977134,0.06405832,-0.73719180,-0.12081745
0.97071260,-0.03302406,-0.70757645,-0.05683341
0.80153823,0.41514394,-0.90619200,-0.14910549
0.76610923,0.49015170,-0.91624337,-0.18234691
0.97264791,0.24332291,-0.67870665,-0.40245962
1.01465917,0.20220073,-0.55152410,-0.54534358
1.03265047,-0.13712001,-0.56503600,-0.16842189
0.94018501,0.33435601,-0.70462739,-0.43942085
1.01125848,0.04040193,-0.63509035,-0.26613751
1.07122588,-0.03673757,-0.45800713,-0.44435221
1.09015286,-0.15214452,-0.36151046,-0.44327921
1.07931709,-0.36614519,-0.21401104,-0.35434431
1.09780967,-0.26510736,-0.18917443,-0.51672763
1.08408010,-0.18913507,-0.18414004,-0.59239179
0.93763655,-0.70563954,0.29502344,-0.37901789
0.89800841,-0.48028904,-0.48712879,0.28348795
1.04927421,-0.47305986,-0.23381118,-0.17789830
1.02898610,-0.58169067,-0.09117857,-0.19154200
1.08018625,-0.02667212,-0.24503766,-0.70312679
1.08853805,-0.19205254,-0.10872687,-0.67817646
1.08841836,-0.33440834,-0.21445444,-0.39988488
1.06068051,-0.47533733,-0.16442513,-0.26554152
1.00180030,-0.55460864,0.24159765,-0.56212687
1.06299543,-0.31710908,-0.38816836,-0.19706753
1.06361222,-0.14745735,-0.00134562,-0.81988746
0.90360123,0.37692738,-0.76066494,-0.38357970
0.96808982,0.06336606,-0.72752178,-0.14021510
1.01055717,-0.33198053,-0.49592823,-0.00097057
1.06775081,-0.09924663,-0.48626363,-0.33853009
1.05719876,-0.02732747,-0.52698988,-0.36223018
1.00638592,0.18364966,-0.62264305,-0.43585008
1.07525718,-0.39666608,-0.00863856,-0.54422152
0.90175968,0.00101487,-0.79287070,0.07780553
0.91721302,0.11909318,-0.79919541,-0.06561384
1.00388277,0.06162412,-0.66397852,-0.24951515
0.86156148,0.46765119,-0.78170776,-0.41480336
0.91974038,0.31723946,-0.75353134,-0.34253979
1.00286198,-0.13113827,-0.62257093,-0.07737915
0.68328238,0.54210925,-0.97916377,-0.07714033
0.77876472,0.13861212,-0.91847485,0.20179936
0.91905731,0.16511898,-0.79777515,-0.12112317
0.85798806,0.25942218,-0.86601818,-0.08227508
0.96124840,0.06563573,-0.73944753,-0.12175021
1.01696217,-0.10638880,-0.60085589,-0.14539056
1.00107145,0.15262297,-0.64577895,-0.36911550
0.71525270,0.62717086,-0.91049325,-0.28560573
1.02020216,0.14511071,-0.59808362,-0.43542373
1.00626302,0.14749317,-0.08002700,-0.99961603
1.06018221,0.08306662,-0.30934447,-0.73246658
1.08265197,-0.11223464,-0.41565281,-0.41942430
0.70264739,-0.25874707,0.76357490,-1.13887918
0.94920814,0.17323127,-0.74872851,-0.21899199
1.04138517,-0.47669548,0.13086000,-0.57123494
1.05789781,-0.24807899,-0.45082504,-0.19924162
1.06989169,-0.07715625,-0.46152127,-0.39340204
0.70901626,0.43850091,-0.96724874,-0.00280235
0.54081988,0.63860601,-1.03554916,0.03802263
1.05246210,0.08087165,-0.46209389,-0.55106145
1.01363027,0.12405188,-0.59583616,-0.40677977
1.01918972,-0.37312222,0.22258803,-0.76502085
1.08544326,-0.22507291,-0.07705556,-0.67277634
1.00325823,-0.10130085,-0.62989944,-0.10326903
1.06219554,-0.36136538,-0.33910313,-0.20098713
1.06776881,-0.01546380,-0.46261096,-0.45927697
0.84444594,0.36399093,-0.86265343,-0.18850109
0.92327660,0.35638580,-0.71932876,-0.42874143
1.04243529,-0.01667294,-0.57098138,-0.30852494
1.04200494,0.02260433,-0.56248945,-0.36174154
1.05812132,0.02944157,-0.15572411,-0.84091276
1.06122911,-0.49434286,-0.03916434,-0.38433090
1.09051073,-0.12933214,-0.29965308,-0.53830588
1.04084802,-0.19326706,-0.53132403,-0.15200987
1.00986826,0.00835543,-0.65336496,-0.20810680
1.09274387,-0.15073597,-0.34904844,-0.46168071
1.02478337,-0.29130206,-0.50223482,-0.05584205
1.03296924,-0.37564895,-0.40941304,-0.07351875
0.99039781,-0.25345740,-0.58318204,0.03059507
1.00861025,-0.23291719,-0.56664848,-0.03154940
0.96889246,-0.22960338,-0.61879432,0.06771614
0.96549851,-0.17469458,-0.65681446,0.05207013
1.08114898,-0.12149262,-0.41589779,-0.40702450
1.09174097,-0.20324944,-0.15356715,-0.61921984
1.02934897,-0.48332322,-0.28549612,-0.08622458
0.81679791,-0.12332214,-0.80012310,0.32196802
0.72564852,0.14983729,-0.94847268,0.28261867
0.90476793,-0.23438630,-0.68251562,0.21658692
0.97286582,-0.26409465,-0.59039456,0.07042973
1.01369739,-0.30061373,-0.50713104,-0.02736742
0.74888766,0.05427390,-0.91110653,0.32235497
0.77771628,-0.15844908,-0.79854602,0.40395042
0.76365006,-0.04445236,-0.86789429,0.36872056
0.84231097,-0.06345905,-0.81619072,0.24360667
0.86463368,0.10624264,-0.84858131,0.06332091
0.83105814,0.01178402,-0.85475588,0.21454683
0.67888105,0.23101617,-0.98555249,0.28535980
0.64248443,0.57463819,-0.99725133,-0.04751151
0.94572318,-0.12404520,-0.69960713,0.06505535
1.03164458,-0.28483695,-0.46830919,-0.10868228
0.33314207,0.98817980,-0.98506498,-0.17724445
0.96892828,-0.13742948,-0.66884255,0.01962182
1.08244514,-0.14054263,-0.25389162,-0.56755364
0.97364968,-0.41392851,-0.46088731,0.09400392
0.70160919,-0.00394793,-0.90223920,0.43149215
0.67203772,0.29803222,-1.00353396,0.23764628
1.00189710,-0.23541510,-0.56937987,-0.01810450
1.05655432,-0.06509796,-0.52936172,-0.31631523
1.00368738,-0.12055445,-0.62686962,-0.08544364
0.82670766,0.15865146,-0.89472657,0.09857565
0.96138424,0.14798044,-0.72813809,-0.22725631
1.09046268,-0.15944938,-0.28876871,-0.51645666
0.63664931,0.68689269,-0.94472104,-0.22589017
0.81329817,0.51393151,-0.79229432,-0.40058392
1.07370842,-0.02826849,-0.41358170,-0.50620025
1.07013142,-0.15712301,-0.46176881,-0.30332485
0.91259372,-0.12009726,-0.73270828,0.13493867
0.94618851,-0.24677624,-0.63280535,0.12833369
1.01494217,-0.34520513,-0.43731245,-0.05634596
0.84892166,-0.26852164,-0.69502765,0.33210084
0.84912050,-0.13170879,-0.76804680,0.25913826
0.99477363,-0.59485090,-0.18714938,-0.03110932
0.95512897,-0.70877326,-0.04336577,-0.01819669
0.71090651,0.13170646,-0.93986654,0.31011385
1.07855904,-0.07678937,-0.31836268,-0.56313181
1.06607413,-0.11724716,-0.45293397,-0.35349843
1.07276773,-0.35574585,-0.00286526,-0.59393233
1.03645599,-0.56633693,0.01895284,-0.33999720
1.01354361,-0.58451790,0.15808941,-0.44865906
0.88428152,-0.40769622,0.53412396,-0.92073268
1.08559835,-0.10222847,-0.38220042,-0.47130072
0.97861707,-0.25553122,-0.57622147,0.03849057
1.04272485,-0.36760420,-0.39450884,-0.11021432
1.07544875,-0.16598029,-0.43762770,-0.32625857
1.03864217,0.10070177,-0.50332814,-0.51183015
1.02419841,-0.25579843,-0.51788515,-0.07773220
1.01110113,0.01410490,-0.64491326,-0.22539398
0.86518842,0.14162520,-0.85718989,0.03243228
0.95484287,0.05659414,-0.74242473,-0.10100838
1.08886039,-0.16678211,-0.36733705,-0.41883850
1.05527592,0.06028766,-0.20871285,-0.81339610
0.92257810,0.35109353,-0.73185068,-0.40803802
0.97415680,0.32525003,-0.55291247,-0.63661629
0.97477782,0.25623372,-0.65713048,-0.44345132
0.75667781,0.51707155,-0.92054754,-0.19721217
0.95108426,0.03831883,-0.74187016,-0.07679315
0.96876007,0.03533649,-0.71993518,-0.11785471
0.86951053,0.40515727,-0.80073851,-0.33219090
0.88224673,0.39856118,-0.79086506,-0.35015881
0.87329763,0.22124177,-0.85442048,-0.06949715
1.02358150,0.19858813,-0.50905049,-0.59868729
1.03795958,0.01353936,-0.56924683,-0.33942905
0.89599794,0.36858937,-0.78771287,-0.33545473
1.02205718,-0.01565663,-0.61733603,-0.23498395
0.90845263,0.36520314,-0.74231422,-0.39630529
1.04122937,0.12977703,-0.49070233,-0.56157279
1.02408957,-0.49348706,-0.26124704,-0.09585221
0.91648322,0.36499551,-0.72975165,-0.41914663
0.75063998,0.58676004,-0.88090163,-0.31305975
0.70553029,0.26970014,-0.98586816,0.21201746
1.00419605,-0.13618238,-0.61988324,-0.07620046
0.97662193,-0.09351112,-0.68026102,-0.02581917
0.91293520,0.11527485,-0.80682480,-0.04797649
0.90110785,-0.14149438,-0.73116338,0.17030072
0.92268908,0.26380762,-0.77331334,-0.26364571
0.88908362,0.13647196,-0.83402193,-0.01458759
0.89485699,-0.12305485,-0.74803025,0.17539096
0.81596786,0.28268155,-0.90094447,-0.02206066
0.93106651,0.04298056,-0.76760662,-0.03074029
0.69259977,0.17404075,-0.96981305,0.31649089
1.00879431,-0.18587065,-0.59078115,-0.05785863
0.88795912,0.15729912,-0.83803105,-0.03230837
0.81865507,0.42623436,-0.87444186,-0.21632323
0.89133173,0.45142695,-0.71635336,-0.50300157
0.85759157,0.30026585,-0.86570817,-0.12817746
0.90772766,0.12696697,-0.81406432,-0.04719317
0.71223009,0.22487280,-0.97652417,0.24452505
0.67748362,0.19973603,-0.98662555,0.32336807
0.95587909,-0.14746796,-0.68247002,0.06086333
0.90523094,-0.05285639,-0.77242529,0.11177886
0.97392750,-0.12550022,-0.67096692,0.00290165
0.94202805,0.06333669,-0.76184314,-0.07248078
1.00000548,-0.12172304,-0.62326199,-0.08398570
0.98676687,-0.14856064,-0.63109285,-0.03006715
0.72896188,0.05966402,-0.92271614,0.35174215
0.82100439,0.17507474,-0.88551176,0.07625540
0.99112040,-0.34796709,-0.46118560,0.00029226
1.05577946,-0.36652964,-0.33618388,-0.19117112
0.95345974,-0.49061924,-0.41059875,0.14717074
0.69172037,-0.62520641,-0.43573517,0.62261736
0.72760773,-0.50938869,-0.55127543,0.58034551
0.90736634,-0.16608669,-0.71479017,0.17268240
1.02809775,-0.26674631,-0.50437987,-0.08485696
0.85269141,-0.70270616,0.52630347,-0.54402155
1.00180852,-0.51815856,-0.30255458,0.00314964
1.01395035,-0.55035776,-0.21976006,-0.06656287
1.06913388,-0.41122618,0.03566160,-0.57026345
1.04275930,-0.55331576,0.04042782,-0.38571772
1.03794730,-0.52132195,0.10983881,-0.49365953
1.05904949,-0.35907143,0.10314155,-0.69280291
1.06479573,-0.48475403,-0.08887536,-0.34377050
1.01019704,-0.57575208,0.19406691,-0.49483934
1.02683270,-0.59862143,-0.01500998,-0.25491148
1.02861428,-0.49145782,-0.28673187,-0.07485465
1.05874109,-0.30771345,-0.41720849,-0.17048270
1.07602596,-0.42318103,-0.19724326,-0.30506501
1.02279282,-0.55044681,-0.20520192,-0.09267911
1.02028632,-0.54488927,-0.22932684,-0.06922377
1.06162608,-0.43140671,-0.26138920,-0.20804666
0.93087518,-0.54047352,-0.39502561,0.21149945
0.93325996,-0.47383156,-0.46303159,0.20951861
0.97539443,-0.56197226,-0.30170003,0.08140362
1.02029335,-0.50827634,-0.28876340,-0.04424203
1.04498219,-0.48103952,-0.24697022,-0.14939612
1.03633213,-0.30415615,-0.47040686,-0.08988255
1.02908158,-0.35743952,-0.43573889,-0.06030053
1.06921828,-0.14530452,-0.46902922,-0.30751464
1.09731805,-0.23046227,-0.16886695,-0.57782352
0.99284309,-0.58523577,0.24647553,-0.52294034
1.00553322,-0.63578558,0.01930147,-0.22720882
0.92752296,-0.67429709,0.37357548,-0.49041936
0.92818564,-0.52914083,0.42674342,-0.71391255
1.05405951,-0.31933904,0.09654540,-0.72456610
1.08278680,-0.14995737,-0.34657681,-0.45405740
1.07122672,-0.41495368,-0.21005441,-0.29463208
1.09258246,-0.27851266,-0.16285911,-0.52504283
1.09041679,-0.31999052,-0.24866621,-0.38026157
1.04965425,-0.13277221,-0.52702403,-0.23489463
1.09087634,-0.11072993,-0.29345262,-0.56658131
1.03262901,-0.17777400,-0.54237092,-0.14786148
1.07446456,-0.41934383,-0.19372043,-0.31154761
0.99364674,-0.08532280,-0.65567797,-0.08167785
1.02070940,0.04229654,-0.61737949,-0.29868895
1.07240188,-0.21793140,-0.41138345,-0.29354212
0.77672523,0.33790848,-0.93775129,0.00110245
0.75974768,0.14112343,-0.93182933,0.23534633
0.62936604,0.54979169,-1.01885974,0.01938040
0.89351845,0.17997791,-0.83422035,-0.06838284
0.83850342,0.14021988,-0.88380533,0.09383433
0.97305262,0.20620430,-0.69882911,-0.33868539
1.08845854,-0.10689293,-0.37691957,-0.47516412
0.97869128,0.03494176,-0.70865726,-0.14120217
1.04085624,-0.28397927,-0.46938878,-0.11885723
0.90639663,0.14072512,-0.81714302,-0.05775497
0.99970281,0.11066626,-0.66622251,-0.29752982
0.85457081,0.13922931,-0.86746907,0.05858602
0.72948790,0.17669046,-0.95257741,0.25260648
0.73597604,0.50593561,-0.92678332,-0.15432145
0.82551742,0.44122359,-0.86112761,-0.25579911
0.74859810,0.24663609,-0.95708382,0.15724301
0.56341791,-0.02079033,-0.93114632,0.63887048
0.96971953,-0.34168607,-0.53412694,0.09868445
0.94119269,-0.00974523,-0.74925846,-0.00324224
0.97295332,0.12124467,-0.70716655,-0.23358670
0.79059446,0.25386164,-0.92952836,0.07093129
1.04223764,-0.25272018,-0.49017602,-0.13246508
0.91834205,-0.05806073,-0.75395912,0.08224485
0.66856819,0.11261549,-0.96508598,0.40757391
0.57133472,0.62314361,-1.03602767,0.02148144
0.60950339,0.59917122,-1.01906276,-0.01356237
0.65228748,0.50508082,-1.01271188,0.03698321
0.73544496,0.22279064,-0.96058768,0.20287296
0.89683837,0.20412369,-0.81975979,-0.11544578
0.62637359,0.36246213,-1.02165866,0.23688425
0.55315900,0.57298738,-1.05502331,0.11968655
0.38477576,0.66881567,-1.09836304,0.25036362
0.67749906,0.61251962,-0.95715809,-0.17443219
0.72975683,0.31257197,-0.97356617,0.12263685
0.82043093,-0.12651733,-0.79823583,0.31935772
0.59864479,0.09757012,-0.97312462,0.51251197
1.01031840,-0.25096822,-0.53817087,-0.04488017
1.00323749,-0.08555159,-0.63678354,-0.11331433
0.89918870,-0.06915297,-0.77230072,0.13682558
0.87199676,-0.32006153,-0.64699072,0.31054530
0.84631103,0.02723859,-0.83697045,0.16008079
0.57999861,0.10038619,-0.97880709,0.53674757
0.65820563,-0.09160975,-0.88031709,0.55486321
0.55360335,0.18313529,-1.01572692,0.51451492
0.75600058,0.22028320,-0.94982767,0.17047366
0.51672786,0.40807381,-1.07115936,0.36459854
0.76935709,0.09604281,-0.91495866,0.25646359
0.83209294,0.09473762,-0.87608761,0.14371030
0.78403765,0.08545119,-0.90086049,0.23609106
0.62943578,0.05318512,-0.94520283,0.49659011
0.67475194,0.16897105,-0.97678572,0.35014406
1.02924824,-0.01437020,-0.59129554,-0.27357748
0.96427906,-0.03648731,-0.71012294,-0.04282327
0.91575193,0.06478817,-0.79354954,-0.00908585
0.97039890,0.10449418,-0.72520435,-0.19173297
1.09527993,-0.12480038,-0.29611608,-0.55274224
1.06632054,-0.05718215,-0.48645580,-0.38407952
1.09314167,-0.17872564,-0.33489114,-0.44637889
0.97601742,0.33932877,-0.53201014,-0.67786843
1.08247173,-0.09808264,-0.41096625,-0.44038314
1.01796269,-0.22639851,-0.53254336,-0.08746584
1.06306291,-0.06934772,-0.49424142,-0.35801908
1.09337592,-0.15378030,-0.29035345,-0.52436912
0.97166651,-0.68071431,-0.02364190,-0.09047188
1.09501207,-0.26865074,-0.25398615,-0.43735546
1.08988202,-0.34066075,-0.16455239,-0.45010185
1.00369692,-0.55790615,0.24464740,-0.56395471
1.09620953,-0.24157579,-0.14688613,-0.58854556
1.07671726,-0.32228747,-0.32751492,-0.27432984
1.05165303,0.10126213,-0.45845068,-0.57717389
1.08590865,-0.07749896,-0.22718304,-0.67224008
1.08347487,-0.31727719,-0.25977635,-0.36309156
0.97409886,0.35273716,-0.41679075,-0.81919026
1.04641449,0.12582117,-0.48044509,-0.57440722
1.01435447,0.23689328,-0.51878667,-0.62055486
1.00124097,0.25479141,-0.55838060,-0.58177370
1.07161736,-0.02522743,-0.46521503,-0.44972771
1.03628325,-0.12353123,-0.55989444,-0.19356312
1.09070885,-0.25007689,-0.28453639,-0.41937089
1.06835198,-0.06306469,-0.47060552,-0.39741161
0.91978467,0.25092620,-0.79104489,-0.22609554
1.09015310,-0.13785562,-0.37321934,-0.44632709
1.06942821,-0.15928593,-0.46490023,-0.29660454
1.06213474,-0.16638435,-0.49104667,-0.25123075
1.03697562,-0.29562420,-0.47248361,-0.09790597
1.02300096,-0.45023590,-0.34840783,-0.04621643
1.07658398,-0.27981344,-0.36743301,-0.27754033
1.03350627,-0.15685059,-0.55661541,-0.15654811
1.08210421,-0.25941449,-0.35544166,-0.32011849
1.01523769,-0.03185506,-0.63236254,-0.19228655
1.06393158,-0.00363144,-0.48851869,-0.43939877
1.08227110,-0.03205060,-0.38949075,-0.53846282
1.06209016,0.02944651,-0.49553820,-0.46675360
1.02418208,-0.07300635,-0.60874885,-0.18235716
1.06779456,-0.02776245,-0.48130944,-0.42461771
1.09304690,-0.17653395,-0.32824671,-0.45614424
1.01885247,-0.00871835,-0.62971789,-0.22537978
0.96826088,0.35079098,-0.38643086,-0.84422922
0.96882850,0.26838088,-0.67423964,-0.43134466
1.00692916,0.16887891,-0.62738562,-0.41454226
0.95050997,0.19271122,-0.73364085,-0.25921699
0.96148872,-0.13426580,-0.67325151,0.02938022
0.76138651,0.44390836,-0.92637229,-0.11363511
0.64476550,0.82317978,-0.77335912,-0.57952017
0.72088933,0.42393154,-0.97411156,0.00783527
0.42773429,0.77505964,-1.06273401,0.04243676
0.51706475,0.92842799,-0.82181567,-0.49973497
0.36608589,1.13602293,-0.67548400,-0.72596896
0.22955590,0.86065459,0.40432787,-1.46470439
0.44072157,1.06484258,-0.53089023,-0.89127290
-0.22265281,1.38109446,-0.11335081,-0.96294129
0.78273994,0.53677619,-0.39679295,-0.83247811
0.91577411,0.30634394,-0.74400514,-0.33639911
0.65658724,0.73668796,-0.88673180,-0.36913058
0.87181979,0.36191988,-0.72043312,-0.37558308
0.37115321,0.97384685,-0.96556759,-0.22578959
0.78223234,0.61878431,-0.17902920,-1.16692746
1.01994348,-0.03516555,-0.60380000,-0.22570354
1.07217383,-0.05168407,-0.25533184,-0.65442699
0.89075822,0.48910558,-0.63543195,-0.63496310
0.51174593,0.74404252,-1.02589738,-0.05863089
0.66119492,0.66477931,-0.95188165,-0.22074713
0.77208340,0.50088358,-0.90309733,-0.21583585
0.78126431,0.34835929,-0.93380469,-0.02019715
0.63203746,0.42858860,-1.03104055,0.16645370
1.08094585,-0.01692012,-0.28719151,-0.66799831
0.93485630,0.12312315,-0.77704751,-0.11477426
0.90735900,0.24529871,-0.77863127,-0.21954459
0.81966448,0.18101273,-0.89062309,0.07677698
0.83845025,-0.21542232,-0.74009550,0.33434549
0.97619116,-0.03729320,-0.69192004,-0.07566297
0.82513809,0.32091194,-0.89578819,-0.08123279
0.98967427,0.24366532,-0.62648004,-0.48028550
1.04836571,0.13603796,-0.43466392,-0.63913393
0.85402662,0.06312110,-0.85403472,0.12995751
0.99340922,-0.14294027,-0.62928838,-0.04591627
1.06482828,-0.29304555,-0.40451595,-0.20802769
0.96582454,-0.06360324,-0.70671672,-0.01782301
0.86971700,0.23728997,-0.85584390,-0.08194008
0.67535794,0.19785877,-0.97284055,0.31252486
0.98157543,-0.26998603,-0.57829952,0.05374384
1.00809956,-0.19183823,-0.58778960,-0.05368490
0.91306871,-0.10906529,-0.74402505,0.13458590
1.02715266,-0.20610009,-0.55278480,-0.09816181
0.97654724,-0.32241142,-0.54491621,0.08127899
0.94938135,-0.36100906,-0.55302829,0.16449891
1.01243162,-0.26503059,-0.53463596,-0.03536807
0.94314951,-0.20599440,-0.66594172,0.12275664
1.00419843,-0.47914618,-0.35604408,0.01610859
1.03656745,-0.45064002,-0.32097450,-0.09166387
0.94745642,-0.04375767,-0.72734898,0.00357511
0.92473114,-0.74145144,0.02944261,-0.02816002
1.02668262,-0.57084554,0.00806175,-0.31173623
1.07320380,-0.36481118,-0.28163287,-0.27358684
0.98264712,-0.65935713,-0.08894914,-0.05416814
0.80406559,-0.85760248,0.02121290,0.24822685
1.03685606,-0.57739300,-0.03688099,-0.26578128
1.00936854,-0.62303376,-0.07452809,-0.14135413
1.02538145,-0.35863215,-0.44521150,-0.04421981
1.00724328,-0.54875273,-0.25612211,-0.02027201
0.89850467,-0.65693396,-0.27151144,0.24163495
0.98210305,-0.55996579,-0.29097420,0.05960923
1.06224144,-0.37290329,-0.32830638,-0.20007367
0.98659778,-0.41028503,-0.45959079,0.07382017
1.04814422,-0.42188263,-0.31982958,-0.13841642
1.00655496,-0.12676570,-0.61662209,-0.09310728
1.03801811,-0.55443448,-0.08931678,-0.23452598
0.86811250,-0.07457563,-0.79264838,0.20073178
0.92189050,-0.24697968,-0.65801615,0.18411894
1.06943488,-0.38385090,-0.30276620,-0.22433250
1.06611490,-0.37996402,-0.31658790,-0.20955655
1.05021346,-0.51766807,-0.15134063,-0.22061040
0.99402869,-0.58489126,-0.22020824,-0.00464853
1.08459377,-0.31866458,-0.04017805,-0.60748917
1.06884253,-0.46468607,-0.12958729,-0.32558367
0.97345084,-0.52078730,-0.36147806,0.10382088
1.02861488,-0.55608308,-0.17153980,-0.13042054
0.99428374,-0.65972221,0.10252353,-0.28026536
1.04124224,-0.09497671,-0.54610133,-0.24670075
1.05410480,-0.18937071,-0.49719697,-0.20941007
1.06462884,-0.30734834,-0.37205324,-0.22786491
0.92668992,-0.70333576,-0.13702898,0.11219089
0.93483537,-0.44973820,-0.48698634,0.20729221
0.94067687,-0.66771483,-0.17908840,0.10312539
1.08682609,-0.36429995,-0.17435388,-0.40909952
1.09090436,-0.09181010,-0.32497364,-0.55280018
1.06307566,0.01350904,-0.45893547,-0.49070203
1.07678258,-0.06269620,-0.43540707,-0.44657689
1.08824503,-0.10834447,-0.17993754,-0.69278252
1.06111646,-0.30838850,-0.39293975,-0.19944964
0.94599396,0.30545434,-0.70061022,-0.41790888
0.88810283,0.50983840,-0.62135214,-0.67100358
1.08412290,-0.04851166,-0.25993842,-0.66637313
1.06561732,0.07271157,-0.37688029,-0.65169191
1.02737069,-0.03500628,-0.61053175,-0.22677691
1.01189995,0.02673098,-0.64294499,-0.24271172
0.98491019,-0.13552964,-0.64949620,-0.02213979
1.07386088,-0.31639537,-0.35252184,-0.24987300
1.04223859,-0.03382466,-0.57204813,-0.28779468
1.02251744,-0.23567580,-0.53544635,-0.07892950
0.87360525,0.23408599,-0.84928888,-0.09003032
1.03461814,0.10541068,-0.56492317,-0.44395128
0.98022813,-0.20181587,-0.62064672,0.02566868
1.03659654,-0.26692080,-0.49173233,-0.10835954
0.93266398,0.37855789,-0.67704535,-0.51144177
1.05363762,-0.05432997,-0.53143024,-0.32284233
1.07965493,-0.00302843,-0.26585656,-0.70595950
1.04637241,-0.01311906,-0.55714571,-0.33239490
1.07002831,0.02102886,-0.43359810,-0.53526366
0.95590740,0.13030706,0.09273499,-1.11584806
1.08023107,-0.37518561,-0.23248859,-0.32460517
1.01391470,0.23026644,-0.32520568,-0.82829857
1.06106579,0.09110597,-0.36022443,-0.68582577
0.99198097,0.03258332,0.06652636,-1.01734459
1.07541525,-0.41798803,-0.09045468,-0.42921704
1.05436671,-0.00758829,-0.51360881,-0.39617300
1.05497336,-0.12058420,-0.51561904,-0.26734346
1.05152082,-0.49883306,-0.16585264,-0.22713283
1.02333605,-0.51842666,-0.25573421,-0.07305204
0.96675831,-0.58632392,-0.26688856,0.07980393
1.03136873,-0.55809706,-0.14356624,-0.16243526
0.99732822,-0.44590884,-0.40553525,0.04158378
0.92487609,-0.18734863,-0.69189996,0.15133391
0.95817602,-0.70732129,-0.02113330,-0.04804969
1.09343922,-0.28608710,-0.25592327,-0.41377929
1.06720471,0.07050380,-0.34993935,-0.68101943
1.05130172,0.07843734,-0.19152793,-0.84849638
1.07007277,-0.19037746,0.00306656,-0.78376216
1.07241213,0.00023576,-0.45135102,-0.49475560
0.97713101,-0.20436928,-0.62678456,0.03888483
0.89735758,-0.05108891,-0.78072143,0.12793154
1.05726123,-0.50057602,-0.11134021,-0.29240048
1.06868637,-0.12797974,-0.45906866,-0.33752644
1.04794848,0.03887126,-0.53504086,-0.41736796
0.88516659,0.36115247,-0.80880600,-0.29133159
0.74511349,0.61692798,-0.87272400,-0.34990573
0.64072454,0.86124361,-0.70397764,-0.69513768
0.96542227,0.18002473,-0.71129835,-0.28667852
0.55183530,0.45882404,-1.06016052,0.25549731
1.09120607,-0.10683295,-0.35143715,-0.50673193
1.04935110,0.05493484,-0.52535868,-0.44783553
0.91705036,0.33390802,-0.76365757,-0.34699064
0.89843690,0.45187467,-0.71395403,-0.51421022
0.97781563,0.16206132,-0.70033896,-0.29266521
0.92558795,0.20617531,-0.78934497,-0.18414307
1.03667724,-0.10037632,-0.57061028,-0.20814905
1.05920458,-0.08197157,-0.51009518,-0.32177329
1.06848121,-0.04181366,-0.48721650,-0.40298480
1.03949618,0.03225596,-0.57996601,-0.35030350
1.02811217,0.00820994,-0.61063033,-0.27618250
1.09880733,-0.20583470,-0.24082869,-0.52706057
0.94078761,0.07962138,-0.76035494,-0.09107976
1.05831373,0.07523538,-0.46380454,-0.54942089
0.93799406,0.17574850,-0.77527505,-0.17957157
0.99377012,0.11780359,-0.67674845,-0.28713444
0.94963610,0.08982307,-0.75852668,-0.11460911
1.07218134,-0.05604099,-0.47597212,-0.40367112
0.97479540,0.01647869,-0.71501994,-0.10891245
1.08145607,-0.25200200,-0.37417907,-0.30685627
1.05087161,-0.03745479,-0.55082113,-0.31711659
1.09416556,-0.31513745,-0.20296909,-0.44088498
0.99715161,-0.28813693,-0.54869497,0.02359480
0.93163002,-0.13892692,-0.71220374,0.11178334
0.94953513,-0.40855587,-0.51332796,0.17364280
0.98018080,-0.51381153,-0.35696426,0.08332699
1.01405156,-0.45343179,-0.37205902,-0.00614704
1.07111895,-0.44592929,-0.04674390,-0.44159514
1.01346755,-0.19731307,-0.57904547,-0.06332906
0.69091141,0.07606165,-0.93804288,0.39335880
1.07922840,-0.37111735,-0.25411713,-0.30395365
1.04903245,-0.38694009,-0.34563124,-0.15002814
1.04780877,-0.30199522,-0.44075412,-0.13833028
0.89204049,-0.19780743,-0.71294725,0.22368105
1.02873206,0.13710234,-0.56219304,-0.47603691
0.94871485,-0.14060760,-0.69169813,0.07151636
1.03395772,-0.46096092,-0.30597487,-0.09380293
1.00634873,-0.45967340,-0.37402239,0.01177752
1.04507446,-0.52620047,-0.11340267,-0.24746509
1.08029175,-0.16889840,-0.40763640,-0.36186457
1.09151161,-0.27203605,-0.26833838,-0.41359308
1.04648721,-0.48469985,-0.18552156,-0.21544571
1.06698442,0.04379386,-0.40390864,-0.59054780
1.09149337,-0.16012459,-0.31657681,-0.48587495
0.94122505,0.24297242,-0.01539618,-1.10566640
1.04142261,-0.18250227,0.09782322,-0.86583561
1.05796027,-0.18429874,-0.48094383,-0.23759145
1.04779124,-0.51278931,0.02831780,-0.42355916
1.08744812,-0.32809082,-0.06075772,-0.57716644
1.03303802,-0.15287209,-0.55624861,-0.16090888
1.06285310,-0.40388516,-0.29706872,-0.20067568
0.91155273,-0.37484902,-0.57798302,0.25065199
0.85761249,-0.14616774,-0.76954418,0.26749453
0.91946739,-0.32063362,-0.61362535,0.22035526
0.73904020,0.20731093,-0.95946848,0.21499810
0.91881114,0.18065183,-0.80054939,-0.13524942
0.89331162,0.37170911,-0.79062289,-0.33268991
0.93864989,0.11172558,-0.77513295,-0.10835766
0.99658364,0.17415164,-0.65827394,-0.37436932
1.08120370,-0.07865628,-0.42314556,-0.44725990
1.04644787,0.00158394,-0.05760858,-0.90566933
1.08598995,-0.02479634,-0.29700768,-0.65389001
0.96809459,0.26863748,-0.67979866,-0.42460981
0.99714833,0.30440748,-0.45749536,-0.74544919
0.94152218,0.27367297,-0.74239767,-0.33049366
1.05464625,-0.01462977,-0.53318405,-0.36674529
1.04606998,-0.47202495,-0.19325083,-0.22063820
0.94501424,0.40623420,-0.39056140,-0.87580067
1.03257203,0.06472507,-0.58600432,-0.37232104
0.99841321,0.26462671,-0.52688801,-0.62474751
0.99348813,0.09229350,-0.66917324,-0.26652279
1.06081891,-0.23601986,-0.45273939,-0.21399333
1.06945682,-0.24792257,-0.42030174,-0.24649464
1.03617322,-0.15130198,-0.56135690,-0.16052894
1.02978742,-0.09225807,-0.59387726,-0.18357947
1.08138239,-0.19973949,-0.40861160,-0.32727227
1.08525264,-0.38550800,-0.19425933,-0.36125243
1.09235191,-0.26845530,-0.30123755,-0.38191706
1.08998251,-0.12842727,-0.36740634,-0.46323144
1.02025366,0.13776089,-0.58783185,-0.43862665
1.05715621,-0.01015209,-0.53269714,-0.37516832
1.06960189,-0.40546024,-0.26005188,-0.24777712
1.07210398,-0.44496030,-0.15571223,-0.32237786
1.05633867,-0.49294999,-0.17325108,-0.23096099
1.03692627,-0.52630812,-0.18573661,-0.15753309
1.06232584,-0.14117841,0.00600460,-0.83369601
1.06339109,-0.40842929,0.04100715,-0.57287925
1.05836964,-0.35335594,-0.36942661,-0.17189522
1.08771443,-0.24351902,-0.34376523,-0.35737479
1.02226615,-0.41714880,-0.37558159,-0.05237487
0.94352800,-0.30524045,-0.59972721,0.16033477
1.04195273,-0.37018451,-0.39282906,-0.10830714
1.02116394,-0.41673610,-0.38557667,-0.04045657
0.96844310,-0.70516294,0.17791514,-0.28388280
0.88446707,-0.61344409,-0.34646398,0.29203460
1.06126082,-0.45671928,-0.21432649,-0.23156385
0.97354984,-0.65950215,-0.09731582,-0.03439937
1.06874979,-0.45419478,-0.14553551,-0.31952509
0.95378369,-0.70140910,-0.05145565,-0.01595652
0.99813151,-0.66049904,0.01920958,-0.19090389
0.58351362,-0.92760819,0.10493148,0.48308110
0.88158131,-0.77947807,0.39053166,-0.33891308
0.95376116,-0.73051405,0.16916431,-0.22898220
1.07381141,-0.41376555,-0.21106376,-0.29776716
1.06293976,-0.09096132,-0.47620487,-0.35363290
1.05718803,-0.46980390,-0.20772499,-0.21957813
1.02302325,-0.58885926,-0.09748881,-0.16969623
1.00363815,-0.53659493,-0.24268997,-0.04485854
1.01014805,-0.57109773,-0.19513306,-0.06634583
1.01607239,-0.52590406,-0.26281330,-0.04853154
0.95104563,-0.64642102,-0.20232570,0.09331392
1.00880146,-0.58583188,-0.18004346,-0.06504174
0.91118830,-0.56413722,-0.38684401,0.25128892
0.95496655,-0.44407403,-0.47038418,0.15965864
1.03564072,-0.27329338,-0.48922834,-0.10289159
0.92265159,-0.49172392,-0.45066610,0.22788376
1.02127838,-0.34216180,-0.46708065,-0.03376526
0.98995864,-0.43000457,-0.43231246,0.06183703
0.95207155,-0.23528029,-0.63341969,0.10942005
1.01175225,-0.40046203,-0.40221092,-0.02961380
0.98233837,-0.37656167,-0.48715720,0.07136639
0.89856565,-0.01780890,-0.78351694,0.09219536
0.81450588,0.45620826,-0.85577929,-0.26619065
1.01022482,0.07132220,-0.64272505,-0.29128963
1.05083191,-0.08215462,-0.53971404,-0.27909967
1.08792794,-0.20467734,-0.36431259,-0.37847063
1.07494605,-0.32963669,0.02566975,-0.65759915
1.09754896,-0.17874087,-0.26880276,-0.52498466
1.07603562,0.02891139,-0.31752390,-0.68027246
1.08197582,-0.19414507,-0.05481106,-0.72848004
1.08316350,-0.02284701,-0.26318717,-0.69057661
1.08320260,-0.02925707,-0.31832081,-0.62196600
1.07657957,-0.41010517,-0.19187005,-0.32640618
0.91069114,-0.04694536,-0.76898766,0.09511866
0.99995512,-0.19333474,-0.58744872,-0.04317359
1.08672857,-0.18753861,-0.36025733,-0.40093821
1.04144919,-0.38177308,0.15756011,-0.70797682
1.00459051,-0.40426236,-0.43139905,0.01528559
0.91903085,-0.48007098,-0.45588189,0.22466268
0.95475888,0.08674431,-0.73856169,-0.13917826
0.84651154,0.10842490,-0.85480207,0.08827782
0.83369416,0.31085691,-0.88470489,-0.09192798
0.74153340,0.01010172,-0.89854223,0.36642146
0.75122893,0.09394834,-0.92363548,0.28898126
0.72988707,0.03166125,-0.91278678,0.37117374
0.94496226,-0.08960015,-0.71591628,0.04529061
0.83211827,0.01615878,-0.84761989,0.20046927
0.56105435,0.45129877,-1.05904293,0.25230801
0.78319418,0.35912862,-0.92834133,-0.04059647
0.73453242,0.32431802,-0.96567327,0.09521372
0.97063202,0.13667239,-0.70833188,-0.24704187
0.87368214,0.45065349,-0.77023631,-0.42213997
1.01438856,0.11692367,-0.62550765,-0.36654517
0.82405841,0.49714762,-0.82507604,-0.35731304
1.04375780,0.14680341,-0.46801260,-0.60889161
1.07517457,0.02179343,-0.27190459,-0.72211480
1.02203715,0.16262634,-0.55071527,-0.51000881
0.93765062,-0.04764630,-0.73336405,0.02574110
0.82777900,-0.14581424,-0.78451937,0.31750363
0.84766179,-0.29438096,-0.68009174,0.34600911
0.96079910,-0.21985513,-0.63731885,0.08652564
0.70943093,0.45092291,-0.97149462,-0.01253166
0.93382406,0.18237591,-0.76356685,-0.19536954
0.36427581,1.13943589,-0.62705493,-0.78173137
1.02181029,0.04205307,-0.60025203,-0.31874388
0.97702551,0.19436811,-0.68574470,-0.34442383
0.97039205,-0.04027212,-0.69725883,-0.05980389
0.92951924,-0.42534810,-0.51806653,0.22046109
0.94155437,-0.49326807,-0.42735758,0.18228501
0.76277399,-0.30012357,-0.72173548,0.49482861
1.02535832,-0.12027359,-0.58262879,-0.15955158
1.04556215,-0.52137965,-0.12391159,-0.24173643
1.04882836,-0.22867085,-0.41941476,-0.24585128
0.89661908,-0.53873652,-0.42080438,0.27698734
1.03661311,-0.32183802,-0.43919560,-0.10506212
1.08117044,-0.03736564,-0.26938733,-0.66506183
0.95421559,-0.33718202,-0.56244504,0.14268959
0.94401258,-0.12054813,-0.69579834,0.05880576
1.02383637,-0.21498092,-0.54366648,-0.09457076
1.00220132,-0.16687885,-0.60311788,-0.05805160
1.01067126,0.07045431,-0.64583480,-0.28735152
0.91893357,0.31015766,-0.76583326,-0.31994319
0.99029756,0.06536403,-0.68195516,-0.21834129
0.98532450,-0.36917251,-0.49488884,0.06828357
0.98617047,-0.22365512,-0.59391999,0.01376995
0.95966578,-0.11605889,-0.65369415,-0.01085959
0.87491733,-0.22792673,-0.70443434,0.26747480
0.82098991,-0.82560724,-0.03472492,0.25538996
0.78203726,-0.67946726,-0.33690926,0.47153014
0.82275128,-0.41373083,-0.58062500,0.39776286
1.05137253,-0.16501333,0.02806910,-0.81905478
0.89555967,-0.74861532,0.37411019,-0.37117726
0.84635937,-0.14064221,-0.77596951,0.28114977
0.79158884,-0.78144556,-0.15224530,0.36983070
0.74423468,-0.17975166,-0.79973555,0.46711454
0.86729234,-0.54123831,-0.44832894,0.34362343
0.88286453,-0.36301827,-0.59330481,0.28682515
0.64926946,-0.11616788,-0.85917944,0.56907177
0.75674444,-0.07878476,-0.84945887,0.39465472
0.80675304,-0.05382807,-0.84276730,0.30256346
0.92229539,0.11242524,-0.78845578,-0.07581497
0.95240796,-0.01648523,-0.72274834,-0.03786686
0.94432706,-0.01982108,-0.74093276,-0.00471301
0.91936016,0.26197258,-0.78352410,-0.24643840
0.97099519,0.18768767,-0.71419287,-0.29838371
1.08114982,-0.13933854,-0.42056057,-0.38172859
1.08658445,-0.24708319,-0.11997060,-0.60145468
1.05337048,-0.16587643,-0.46683508,-0.26887524
0.90895462,-0.34320900,-0.59869367,0.24102785
0.98399061,-0.11192407,-0.64609814,-0.05147529
1.05847943,-0.49546745,-0.00352728,-0.41966620
1.09361827,-0.27441967,-0.13426489,-0.56268591
1.05983162,-0.48918718,-0.01273026,-0.41801372
1.06461608,-0.44953400,-0.06539182,-0.40940559
0.97232580,-0.45978603,-0.43196192,0.11492173
1.09602320,-0.25333941,-0.24657409,-0.46400374
1.09241271,-0.22269766,-0.12648402,-0.62825167
1.04105246,-0.47928691,0.12367266,-0.55993122
1.05332804,-0.40096241,0.11340709,-0.65058988
1.08285546,-0.19273992,-0.06449401,-0.72026736
1.07984805,-0.36255893,-0.01988886,-0.57529169
1.08222878,-0.25971544,-0.35197872,-0.32377911
1.06928277,-0.44462866,-0.18484309,-0.28710246
1.04802501,-0.46631658,-0.17250963,-0.25238946
1.07331789,-0.43777218,-0.02950467,-0.47247797
1.03094208,-0.48198944,-0.29119202,-0.08318092
1.07100856,-0.37871602,0.01332080,-0.58410674
1.06037009,-0.43632400,-0.24877757,-0.21514130
1.06061053,-0.40095362,0.08746251,-0.62992138
0.98897076,-0.62974554,0.23191461,-0.45220396
1.02700019,-0.59600598,0.01155070,-0.28764281
0.98425269,-0.66009152,0.16448927,-0.33755910
0.96573663,-0.42538422,-0.46321693,0.11844718
1.04872572,-0.27271342,-0.45583990,-0.15553887
1.05570543,-0.03277927,-0.52838933,-0.35284209
1.05665874,-0.50922513,-0.00965973,-0.39527866
1.07334399,-0.45165762,-0.06250361,-0.42009702
1.06400836,-0.11560391,-0.49771863,-0.30311158
1.02748883,-0.58954883,0.08813135,-0.38080126
1.07529116,-0.29349196,-0.00943822,-0.65958118
1.07075298,-0.44464964,-0.01988323,-0.47255334
1.05169797,-0.50114268,-0.15399902,-0.23793986
1.06952584,-0.44777244,-0.12471734,-0.35083354
1.06280184,-0.33665234,-0.36994985,-0.19513629
1.07987487,-0.33646128,-0.01186077,-0.61366338
1.00393987,-0.42839175,-0.41142109,0.02093843
0.98510438,-0.19671415,-0.61423826,0.00726985
0.99025708,-0.38949627,0.30016583,-0.80031937
1.01597011,-0.02177893,-0.62979865,-0.20732081
1.04860938,-0.27147350,-0.46507964,-0.14650843
0.77300721,-0.11662792,-0.82290184,0.38930634
0.66149902,0.03949845,-0.93522680,0.46464929
0.84258252,0.23336855,-0.88108426,-0.01872822
0.85379899,-0.04332918,-0.81038755,0.20148171
0.88860315,-0.21134730,-0.70127499,0.22981086
0.71094161,-0.33542874,-0.70882297,0.57879299
0.91517121,-0.08212955,-0.74542540,0.10343023
1.00296390,-0.19476251,-0.58347213,-0.04939741
0.97870988,-0.52313215,0.26147133,-0.59362721
1.06929302,-0.30802846,-0.34318674,-0.26453629
1.01184011,-0.56862456,-0.19453536,-0.07171011
0.91406357,-0.56193900,-0.37616947,0.23366839
0.89298356,-0.80819875,0.18812193,-0.09390808
1.08322036,-0.25803465,-0.34781706,-0.33143032
1.04150951,-0.42655063,-0.33049712,-0.11377255
1.08188570,-0.40368938,-0.07381558,-0.47117689
1.04810750,-0.24860953,-0.47838688,-0.15686627
1.05477810,-0.18190125,-0.49653351,-0.21932380
1.05707240,-0.24133216,-0.46577340,-0.18925132
0.95438778,-0.23729663,-0.62866479,0.10377482
0.95346993,-0.22082965,-0.64520591,0.10469588
1.04093623,-0.33924520,-0.42407602,-0.10718909
0.96230447,-0.07045954,-0.70589781,-0.00703396
0.98113286,-0.04482444,-0.68901300,-0.07600490
0.96438289,0.09284582,-0.73369712,-0.16234928
0.89173305,-0.52818441,-0.44696358,0.29977328
0.93091029,-0.51854408,-0.41683641,0.21106251
1.00154233,-0.46976203,-0.36304316,0.01633978
0.84206730,-0.86667907,0.21039188,0.00469762
0.95803142,-0.59064406,-0.27792493,0.10683171
0.75273848,-0.88013047,0.00863172,0.34563568
0.77403891,-0.92701274,0.28132576,0.07050712
1.05292070,-0.50387663,-0.12058242,-0.27347824
1.02241266,-0.55108351,-0.20385884,-0.09302882
0.97029048,-0.60047609,-0.24317318,0.06532647
0.82742596,-0.69520473,0.59589863,-0.60146260
0.86938202,-0.65802205,-0.30002102,0.30754563
1.07077503,-0.45486161,-0.09346361,-0.37908608
1.07739997,-0.35434651,-0.14196573,-0.44574627
1.08399069,-0.28237185,-0.32772899,-0.32727212
1.05239475,-0.38423878,0.11784707,-0.67331952
1.09810328,-0.17374693,-0.25362545,-0.54814816
0.97155237,-0.15273504,-0.65770328,0.02148336
1.07652760,-0.26808888,-0.38609558,-0.26988739
1.07288826,-0.42255935,-0.19811140,-0.30125120
1.02064669,-0.28067875,-0.51282173,-0.05133531
1.05052078,-0.26714337,-0.46428275,-0.15443406
1.09357023,-0.29449433,-0.25199044,-0.40884000
1.05717397,-0.40199623,-0.32068941,-0.17006405
1.03186560,-0.31276077,-0.47288400,-0.07238189
1.03556657,-0.31604454,-0.46303725,-0.08383843
1.09095860,-0.32123709,-0.24541426,-0.38309357
1.08312798,-0.32598558,-0.29865953,-0.30956358
1.08931160,-0.12581450,-0.17699355,-0.67759079
1.09181499,-0.12961078,-0.21385387,-0.63507128
1.08351851,-0.35518378,-0.05620086,-0.54728562
1.05843782,-0.46551165,-0.18597750,-0.25005838
1.02909327,-0.58887047,-0.03697069,-0.24397907
0.98008317,-0.65928262,-0.10613430,-0.03220486
1.01031947,-0.62515610,-0.05996884,-0.15626153
0.90317631,-0.50877446,-0.45842746,0.27775028
0.95349264,-0.37822527,-0.53343821,0.15741472
0.99636620,-0.54752654,-0.27516600,0.01186156
1.06168449,-0.05833143,-0.47117054,-0.39457718
0.98762834,0.30831602,-0.37662515,-0.82920390
0.97823566,-0.21608104,-0.61833662,0.04141457
0.91524690,-0.16972984,-0.71215576,0.16494319
0.99335921,-0.35782853,-0.49351293,0.04489131
0.94823825,-0.49769226,-0.41412628,0.16497007
0.91083032,-0.11852919,-0.73941851,0.14264286
0.95846218,-0.22933368,-0.63386375,0.09599342
0.88238829,0.11032148,-0.83701569,0.02577114
0.96371055,-0.31813499,-0.56803668,0.11673419
0.69523966,0.04940023,-0.93504089,0.41515234
0.87584335,-0.07013974,-0.78474873,0.17819485
0.56041324,0.30334499,-1.04449677,0.40347499
0.96771437,0.02444673,-0.71999961,-0.10433505
0.54962772,0.66238451,-1.03804350,0.00406309
0.86400574,0.41146025,-0.82036650,-0.31119728
0.96916437,0.14316708,-0.72145844,-0.23807172
0.84035993,0.19376339,-0.88935143,0.03760597
0.99038905,0.01265752,-0.68650156,-0.15401159
0.92415702,0.18836138,-0.78989244,-0.16185056
1.06541812,0.02172812,-0.44840819,-0.51433790
0.80499846,0.08354357,-0.89340746,0.20624284
0.97205597,-0.01727293,-0.70831668,-0.07526867
0.83535844,-0.21547858,-0.73759663,0.33511913
0.73469907,-0.20269245,-0.79214901,0.49527887
0.70319647,0.34912074,-0.99234110,0.13241118
0.95408118,-0.00489285,-0.73085690,-0.04378017
1.05396307,-0.29676792,-0.43018085,-0.16295601
1.07696915,-0.23419952,-0.37789258,-0.31769907
0.79159260,0.13235416,-0.90940195,0.18423909
0.98897743,-0.18440004,-0.61512440,-0.00999074
1.01089358,-0.30837020,-0.50072980,-0.02259446
0.88431054,-0.28439495,-0.65430975,0.26460856
0.94312072,-0.42000514,-0.50260955,0.18184569
0.97582507,-0.06210639,-0.68949485,-0.05000265
1.01056945,0.01307174,-0.65017951,-0.21776117
1.05407381,0.08649308,-0.48182127,-0.53723305
1.04523802,0.12693676,-0.24314070,-0.83875954
1.09971178,-0.20725590,-0.22266422,-0.54672241
1.07208121,-0.29312482,-0.37366024,-0.25051850
1.07115519,-0.27961493,-0.39751679,-0.23810585
0.96006942,-0.57869363,-0.29458633,0.10963307
0.98573768,-0.54768360,-0.29471698,0.04583720
1.02973747,-0.42180526,-0.36748487,-0.06459676
1.00974989,-0.60785633,-0.10240708,-0.12781531
0.92444205,-0.07560404,-0.74308193,0.08299015
1.08600092,-0.33587822,-0.22667952,-0.38187441
1.03271461,-0.57373780,0.05805610,-0.37100458
0.89926237,-0.70556730,0.42622456,-0.48192105
1.06723034,-0.26502791,-0.40249410,-0.24455397
0.99630070,-0.07851947,-0.63957930,-0.11027920
0.98221713,0.09658768,-0.70189029,-0.22216390
1.01476538,0.02251235,0.03165663,-0.99289900
1.03553832,-0.07933747,-0.57383764,-0.22696298
1.06988275,-0.05411670,-0.47314084,-0.40639552
0.87160152,-0.11642423,-0.77119994,0.22002551
1.02459550,-0.12397212,-0.57839847,-0.15923716
0.89473873,0.15670815,-0.82443392,-0.05445683
0.98753226,-0.25510678,-0.58253443,0.03497025
0.75494921,0.04470282,-0.90867573,0.32357562
0.74222600,0.07217646,-0.92411137,0.32421085
1.01304686,-0.10056419,-0.60506761,-0.14283267
1.00989318,0.20017098,-0.53620249,-0.55474311
1.00280809,-0.07225652,-0.64842170,-0.11483572
0.97545207,-0.18650396,-0.63672876,0.03174004
0.89890635,-0.15509996,-0.72889704,0.18558867
0.93078554,0.17968521,-0.77499312,-0.17617221
1.01727211,-0.11935826,-0.60155255,-0.13035613
1.01137471,-0.02243026,-0.64207643,-0.18771209
0.64976507,0.24772789,-1.00804651,0.32451054
0.90895343,0.16307013,-0.80857509,-0.09536070
0.93606937,0.10742646,-0.77628213,-0.09931798
1.00712204,0.11961147,-0.64246255,-0.34246686
0.97429055,-0.03392247,-0.69637841,-0.07234361
1.04347396,-0.06883150,-0.55523795,-0.26849166
1.04113221,-0.13155451,-0.54096901,-0.21109511
0.97313082,-0.11966861,-0.67308241,-0.00040911
0.86468858,-0.37829986,-0.59944433,0.33142319
0.86804742,-0.22411655,-0.70988536,0.27702215
0.68688983,0.45009089,-0.99746031,0.04281689
0.75859672,-0.17483757,-0.79611498,0.44131181
0.87744039,0.10339985,-0.83832121,0.04061475
0.74749726,0.06331120,-0.91405118,0.31702831
0.87516367,-0.12524377,-0.76364082,0.21751034
0.88443732,-0.32619888,-0.63652462,0.29173437
1.05482495,-0.12499015,-0.51922441,-0.25819555
0.97330970,-0.21208607,-0.62137592,0.04586918
0.97007614,0.13054116,-0.72687161,-0.21884894
1.02079070,-0.06381362,-0.61730480,-0.17934451
1.07252526,-0.16393982,-0.45457521,-0.30636811
1.07202470,-0.23091501,-0.42285192,-0.26571223
1.05523336,-0.28285149,-0.44167003,-0.16726460
1.01114583,-0.26771599,-0.53800994,-0.02713049
0.92315048,-0.37022382,-0.56952989,0.22291420
1.03275633,-0.22011992,-0.53031826,-0.11373835
0.94052839,-0.50100273,-0.42661479,0.19132915
0.94607067,-0.17484048,-0.68051922,0.10060760
1.02016628,-0.52381676,-0.26260313,-0.05574413
0.97079635,-0.51170117,-0.37579873,0.11254413
1.08807290,-0.28111538,-0.22588179,-0.44678861
1.03602839,-0.05014839,-0.58119625,-0.25219500
1.07351422,0.01643511,-0.41555309,-0.55413699
1.05093777,-0.04104674,-0.54343557,-0.32137510
0.90254509,0.44264802,-0.70706940,-0.51613265
0.84177899,0.38985777,-0.86505622,-0.21194486
1.03528225,0.10985287,-0.56297475,-0.45187649
1.04196024,-0.36383539,-0.40588832,-0.10091526
1.05708897,-0.05716300,-0.52633452,-0.32923034
1.06622672,-0.12900668,-0.48662308,-0.30288595
1.00014567,-0.06222881,-0.65739810,-0.11311922
1.08681381,-0.28733733,-0.32450488,-0.32846263
1.08338344,-0.11230089,-0.41816127,-0.41738132
1.08864248,-0.14830068,-0.38315019,-0.42178878
0.99892974,-0.46108055,0.29131711,-0.71963155
1.06387579,-0.19976330,-0.46984208,-0.23922949
1.05237961,0.03855811,-0.51628739,-0.44292024
1.06580710,-0.25716221,-0.42868757,-0.22261783
1.03974652,-0.50679851,-0.22813071,-0.13545659
1.06029820,-0.49187452,-0.13720275,-0.27681598
1.08529127,-0.04791773,-0.37875810,-0.53596348
1.07309496,0.03587198,-0.36486509,-0.63203716
1.05507934,0.07237043,-0.49280968,-0.51021796
1.09267259,-0.26262972,-0.30030933,-0.38987559
1.07352018,-0.40077057,-0.24705686,-0.27196854
1.04172277,-0.51298028,-0.19365750,-0.16914046
0.98288494,-0.56862241,-0.27597839,0.05176646
0.99908447,-0.59074575,-0.20484708,-0.02088542
0.99877691,-0.58305579,-0.21754219,-0.01505358
0.99976367,-0.60018331,-0.17615403,-0.04299529
1.00756073,-0.51655209,-0.29776764,-0.01049556
1.01195920,-0.36332157,-0.46497938,-0.00173945
0.96609026,-0.24674368,-0.60990244,0.08028172
1.01879060,-0.34925643,-0.44291583,-0.04988884
0.99302930,-0.47976974,-0.37846452,0.05441823
1.03432846,-0.35117587,-0.43560550,-0.07343487
1.03304219,-0.23523349,-0.52547377,-0.10243614
1.03009367,-0.49503374,-0.27972409,-0.08030773
0.98522156,-0.56597012,-0.27565253,0.04577477
1.08288729,-0.37092066,-0.24488786,-0.31859502
1.04467165,-0.54454774,-0.05130083,-0.29554325
1.05466378,-0.26288190,-0.44686413,-0.18332614
1.03462327,-0.19811893,-0.53831184,-0.13172270
1.02275646,-0.27475208,-0.51522368,-0.05771915
0.86762506,-0.06791172,-0.79819763,0.19996029
0.91837269,-0.15097843,-0.71678084,0.14544280
1.08497703,-0.09147262,-0.39430806,-0.46922222
1.01192486,0.22671597,-0.55170280,-0.56966722
1.06715751,0.02996405,-0.22331671,-0.77639723
1.08273625,-0.09257843,-0.41466039,-0.44276550
1.09780371,-0.21705095,-0.27103779,-0.47963083
1.09517372,-0.30561861,-0.14903176,-0.51284796
1.08692348,-0.19091986,-0.09202646,-0.69623637
1.09814727,-0.25403842,-0.18402463,-0.53531533
1.04207814,-0.42415360,-0.33616072,-0.11080436
0.87157696,0.41895488,-0.79878908,-0.35224009
1.06697333,-0.43842217,-0.01592544,-0.47970584
1.05363762,-0.08852295,-0.51171130,-0.30630100
1.01436162,-0.12499307,-0.59975433,-0.12272326
1.08999181,-0.33678946,-0.21528813,-0.39805225
1.04798687,-0.32148388,-0.41793311,-0.14200921
1.06311977,-0.19055612,-0.47336179,-0.24482362
1.02959263,-0.46098617,-0.32191601,-0.07107764
1.07491255,-0.34983584,-0.31004125,-0.26073092
1.02194226,-0.30150959,-0.49701571,-0.04694897
0.98772758,-0.15293165,-0.63675368,-0.01992189
0.94322109,0.31201690,-0.70105785,-0.42166787
1.09919214,-0.20403296,-0.24021228,-0.53021181
1.09694719,-0.29423502,-0.21973859,-0.44888681
1.06170368,-0.49453515,-0.05291879,-0.36932418
1.08677959,-0.18850425,-0.37897092,-0.37905586
1.05500460,-0.48802194,-0.17592736,-0.23202175
1.07831085,-0.18225533,-0.41788739,-0.33315831
1.02104020,-0.35554245,-0.44920561,-0.03834248
0.93615627,-0.22211640,-0.66328424,0.14585926
1.05448794,-0.32527664,-0.39932343,-0.16582176
1.05209327,-0.02343450,-0.54113871,-0.34507859
1.05985403,-0.01704895,-0.51945728,-0.38520220
1.01732016,-0.22541645,-0.55782187,-0.05967812
1.05194461,-0.28479394,-0.45058286,-0.15142789
1.09339619,-0.09230481,-0.32020098,-0.56037754
1.09904158,-0.16398272,-0.26412684,-0.54850537
1.09145296,-0.15543735,-0.14637433,-0.68076336
1.07777357,0.02264366,-0.34556445,-0.64393187
1.06214356,0.01971302,-0.49091861,-0.46099812
1.08755875,-0.12237354,-0.38807160,-0.44428357
1.06799233,-0.28169161,-0.40046924,-0.22890185
1.08060765,-0.41650790,-0.13970244,-0.38187706
1.05909669,-0.45170060,0.05078553,-0.53018171
1.08112144,-0.29372388,-0.01109654,-0.66406226
1.04078782,-0.54380685,0.07174299,-0.42909414
1.07467532,-0.39535326,-0.22996442,-0.29842189
1.09905279,-0.21552135,-0.21957918,-0.54010528
1.08903718,-0.33123550,-0.07944833,-0.55459362
1.03933430,-0.56659055,-0.01387868,-0.30638111
1.04347813,-0.45511457,-0.29633239,-0.12189335
1.06503987,-0.44077319,-0.21302225,-0.25524986
1.00239491,-0.62041736,-0.09537508,-0.11318944
1.06899989,-0.24596596,-0.41351035,-0.25574952
1.03896987,0.15832888,-0.42558491,-0.66373843
0.91004109,0.20312798,0.12225894,-1.17892718
1.06292355,-0.27165750,0.07009466,-0.75881857
1.08934152,-0.07179253,-0.36202830,-0.53229129
1.08831108,-0.07507969,-0.21600226,-0.69013911
1.06996989,0.04285583,-0.31799880,-0.68859386
0.93124706,0.35575160,-0.15375738,-1.06724536
1.05118203,0.07996279,-0.18157679,-0.86116773
0.96624112,0.31175244,-0.64214289,-0.51303762
1.09255898,-0.15430847,-0.14734361,-0.68220496
1.07866919,-0.00365070,-0.33420065,-0.62798953
1.06637061,-0.02974235,-0.41421124,-0.49554479
1.05314004,-0.12686662,-0.52324951,-0.24969243
0.85423899,0.35260454,-0.85903054,-0.19078174
1.03927565,-0.11687721,-0.55220574,-0.21300770
1.04987645,-0.02175224,-0.54604602,-0.33899954
1.07031643,-0.15771425,-0.41748303,-0.35221517
0.89391619,0.39441711,-0.73628449,-0.41949955
0.96142399,0.17743643,-0.73396510,-0.25398681
0.88385570,0.39515331,-0.78112561,-0.35899150
0.89765066,0.29113379,-0.81230545,-0.22267592
0.92156506,0.22698012,-0.78938884,-0.20298100
0.84424728,0.13323370,-0.87495899,0.08535384
0.97306550,0.21992742,-0.68873739,-0.36540234
0.90945506,0.11843272,-0.80882657,-0.04536925
1.02604461,-0.18214667,-0.55417228,-0.12234387
1.03413713,-0.24253570,-0.51552522,-0.10653425
1.05327690,-0.09794123,-0.53071362,-0.27411067
1.07050538,-0.07756183,-0.47312379,-0.38071027
1.06443048,-0.02996983,-0.49290714,-0.40540576
1.08305812,-0.25841406,-0.36576650,-0.31081861
0.99940288,-0.14593945,-0.62812132,-0.05061322
1.04393327,0.12326176,-0.50271559,-0.54390413
1.05669641,-0.17316580,-0.50049055,-0.22692208
0.94340307,-0.68294477,-0.14575586,0.08005658
1.06660068,-0.45443764,-0.18538423,-0.27241933
1.07224298,0.03565471,-0.37341952,-0.62129736
1.08169293,-0.01210512,-0.32645348,-0.63051701
1.08711720,-0.18698291,-0.37325066,-0.38752523
1.02957046,-0.29369959,-0.48734659,-0.07514212
0.99575949,0.00028940,-0.66957873,-0.16500750
1.04089439,0.09272192,-0.54859954,-0.45494211
1.08958626,-0.24945378,-0.21048734,-0.50131565
1.05164993,-0.47838289,-0.22860664,-0.18038721
1.05896986,-0.49182597,-0.05189716,-0.37042427
1.04653084,-0.27588573,-0.45477381,-0.15067276
1.06763148,-0.32021782,0.04571656,-0.68227869
1.07210493,-0.16966653,-0.02527271,-0.77780908
1.07889485,-0.18850940,-0.41466388,-0.33036587
1.06605327,0.06773192,-0.40607461,-0.61404479
0.94951987,0.25298408,-0.73682696,-0.32243729
1.04106283,-0.08798410,-0.56734139,-0.23070663
0.99702626,-0.02148260,-0.67265457,-0.13848870
1.07110572,-0.30034012,-0.38241553,-0.23153284
1.06118417,-0.05692035,-0.51476872,-0.34702009
1.04782557,-0.44016775,-0.30520958,-0.13375130
1.08599710,-0.31045598,-0.30281815,-0.32566464
1.07350588,-0.40418419,-0.24931118,-0.26559532
1.00096703,-0.36844906,-0.47612119,0.02887540
1.07445443,-0.31126237,-0.34885776,-0.26040843
1.06356227,-0.16664957,-0.46741372,-0.27887946
0.90276539,0.34144297,-0.78714049,-0.31316495
1.08992255,-0.35652941,-0.16704091,-0.42950073
1.07746649,-0.13445017,-0.44598153,-0.35474533
1.03597379,-0.13638820,-0.56329173,-0.17494604
1.06999922,0.01534643,-0.42697787,-0.53620714
0.82769549,-0.06286184,-0.82749766,0.27205297
0.89624584,-0.01373138,-0.79085517,0.09840163
1.08062935,-0.30656669,-0.33303928,-0.29030335
0.77789879,0.05351310,-0.89469582,0.27213451
1.07396436,-0.25087553,-0.38287526,-0.28996718
0.98954487,-0.04327150,-0.67537105,-0.10246311
0.96753770,-0.10448500,-0.68130118,-0.00203158
0.73965693,0.47648913,-0.94296718,-0.10728075
1.05112684,-0.16594070,-0.48810589,-0.24256501
0.82832021,0.39288718,-0.87621838,-0.18770681
0.88238341,0.49710107,-0.67238206,-0.59333014
0.92584848,0.37649965,-0.70562601,-0.46957302
0.53248835,0.97815132,-0.73608202,-0.66870695
0.94493514,0.29212311,-0.72472084,-0.37483010
0.98076123,0.09818096,-0.69966429,-0.22479342
1.00068474,0.05031081,-0.64138603,-0.25833187
0.94188297,0.13440922,-0.74995023,-0.16562311
0.95473653,0.19578047,-0.72828311,-0.27342153
1.01962757,-0.00248310,-0.63045406,-0.23245864
1.06300366,-0.15172903,-0.48984161,-0.27006289
0.82567322,0.20422480,-0.89627546,0.05013820
1.00253880,0.08100435,-0.66300499,-0.27091017
0.91897798,0.40152928,-0.67364758,-0.52563304
1.06258047,0.01535038,-0.48645753,-0.46154878
1.00249624,0.02935920,-0.66627067,-0.20905149
1.03272843,-0.04069698,-0.58246553,-0.25769648
0.93400019,-0.04458161,-0.74228013,0.03635021
0.97170573,-0.23758289,-0.61424226,0.06845193
0.98876864,-0.19497861,-0.61555392,0.00263929
0.96863472,-0.28722706,-0.58577102,0.09611578
0.92787147,-0.46255788,-0.48264438,0.22476506
0.71306032,-0.47908172,-0.58975244,0.60552579
0.92024386,-0.06645644,-0.75426060,0.08988786
0.87605906,0.02002020,-0.82570124,0.12203034
0.94176960,0.04556730,-0.76371753,-0.05008519
0.99807066,-0.16637796,-0.61753488,-0.03788232
0.99707770,-0.04820569,-0.66244155,-0.11982691
1.02238715,-0.06021105,-0.61392033,-0.18897812
0.93568718,-0.01177628,-0.75558543,0.01231840
1.00085986,0.02176010,-0.66964650,-0.19488095
1.07992005,-0.14410928,-0.42452446,-0.37054810
1.02212930,0.08378363,-0.59937072,-0.36709064
1.02047515,-0.08190203,-0.61285633,-0.16357057
1.01866150,0.12524754,-0.60403097,-0.40468180
0.94763875,0.31933817,-0.70196873,-0.43389252
0.98569590,0.10763600,-0.69808465,-0.24278101
0.80703723,0.52899617,-0.84202695,-0.35505924
0.74225080,0.72597069,-0.70256513,-0.65909863
1.01168740,0.17766060,-0.60814905,-0.45124692
0.86075526,0.17270061,-0.86313671,0.00906717
0.95121372,-0.02424195,-0.72767264,-0.02229307
0.54203445,0.52259457,-1.06520915,0.20037152
0.60532910,0.76718336,-0.92831409,-0.29920834
0.94895983,0.22356784,-0.74509585,-0.27945682
1.00610781,0.04389036,-0.65471405,-0.24237859
0.84906781,0.55776596,-0.69561625,-0.59811515
1.03532207,-0.22568539,-0.52465153,-0.11668386
1.00155485,0.06055908,-0.67127001,-0.23755941
0.99958783,0.12503834,-0.64736009,-0.33460623
0.83802426,0.16588439,-0.88507980,0.06688832
0.94366807,0.19287741,-0.76239794,-0.21962728
1.01485217,0.16414542,-0.58237100,-0.46832502
1.09056342,-0.07574193,-0.29852182,-0.59998846
1.03799474,-0.01615361,-0.58578199,-0.28759858
1.09253561,-0.21270582,-0.33791035,-0.40405530
1.09072912,-0.26235256,-0.31530222,-0.37128469
1.09269857,-0.16712773,-0.19745509,-0.61208498
0.89694905,0.24272126,-0.82769501,-0.15020402
0.96050370,0.36810249,-0.57671827,-0.64292544
0.88187134,0.51735729,-0.65940648,-0.63002580
0.94544697,0.36331710,-0.66618162,-0.52082902
1.07306600,-0.06776721,-0.46608087,-0.40248471
1.00037491,0.20277840,-0.63673419,-0.43490043
0.90198016,0.02319088,-0.80197436,0.06272185
0.99313176,0.06520995,-0.68897980,-0.21354368
1.00533903,-0.06589235,-0.64588356,-0.12769324
1.04973519,-0.21830672,-0.49782938,-0.17117375
1.03344953,-0.22374602,-0.52608901,-0.11515018
1.06937778,-0.08930501,-0.48606735,-0.35178566
1.04043555,-0.05116390,-0.57646418,-0.26130539
0.92824006,0.05654251,-0.77934098,-0.02974587
1.00291109,-0.28438020,-0.54502082,0.00875934
0.96425736,-0.50340086,-0.39208543,0.12873402
0.77406049,0.22116078,-0.93883020,0.13681787
1.00038958,-0.17858455,-0.60084808,-0.04534826
0.97017413,-0.22249535,-0.61421436,0.05315799
1.09499073,-0.22361751,-0.26844084,-0.47194871
0.98886943,0.15526569,-0.67922556,-0.32103130
1.07096231,-0.41003594,-0.24899583,-0.25648043
1.03976095,-0.16116957,-0.53640807,-0.18126985
1.01037920,-0.05403576,-0.63687181,-0.15678658
1.03892159,-0.51001656,0.10919687,-0.50677949
0.90553385,-0.27019602,-0.65668035,0.22726838
0.97400624,-0.25945672,-0.59093320,0.06451687
1.09072566,-0.10700808,-0.34199256,-0.51651567
1.06005025,0.02831558,-0.40021080,-0.56939632
1.09100592,-0.18604611,-0.32014364,-0.45215219
1.09364688,-0.24043365,-0.11832931,-0.61875606
1.06415200,-0.42499101,-0.24961016,-0.23125334
1.01792431,0.20192771,-0.50344503,-0.60230058
0.99617350,0.29480377,-0.42748234,-0.76697302
1.09232450,-0.29018790,-0.12953949,-0.54872811
1.08310616,-0.08208160,-0.40623745,-0.46439260
1.07648778,-0.00805097,-0.42526427,-0.51909643
1.05427623,0.10119595,-0.47378495,-0.56297743
1.09318531,-0.11155818,-0.33129951,-0.52608585
1.09218669,-0.31778368,-0.12802549,-0.51917636
1.09152114,-0.31848031,-0.21557862,-0.42007998
1.07623219,-0.44206756,-0.07438627,-0.42092276
1.06702805,-0.47371337,-0.03600639,-0.41764084
1.06805122,-0.38422152,0.03293901,-0.59642327
1.06704068,-0.37575236,0.05667168,-0.63126558
1.01426625,-0.34045804,-0.48283082,-0.01020833
1.09611976,-0.29527923,-0.20768277,-0.46020901
1.02416110,-0.28917038,-0.49704444,-0.06332333
1.03268528,-0.31888032,-0.44525561,-0.09720138
0.95946467,0.08227774,-0.73614383,-0.14216040
0.96815193,-0.04224376,-0.70720482,-0.04396850
0.97579914,0.16199990,-0.71002942,-0.27951884
1.06268573,0.00534920,-0.47975597,-0.45787016
0.83645761,0.18573269,-0.88184881,0.04270228
0.66940415,0.38266200,-1.01258838,0.15538770
0.96160460,0.28596154,-0.67205429,-0.44541696
0.88436759,-0.03546248,-0.79699332,0.14314440
0.70249110,0.45527574,-0.98662066,0.00726414
0.85847074,0.32656369,-0.85257804,-0.17342310
0.97161567,0.24584772,-0.67154592,-0.41211575
0.73214114,0.27076295,-0.97241586,0.16575271
0.85596162,0.30609524,-0.86776304,-0.13061145
0.87611228,0.01498732,-0.82136327,0.12280528
1.01703799,-0.07324179,-0.61452186,-0.16758433
0.93120188,0.07436489,-0.76937646,-0.06427149
0.78883415,-0.11456478,-0.82227123,0.36839071
0.77042639,-0.04503603,-0.86273122,0.35596567
0.56705862,0.41435474,-1.05626738,0.28404135
0.81988180,0.27962893,-0.90611130,-0.01728879
0.20638567,0.56068319,-1.11277556,0.58985394
0.44328880,0.58464855,-1.09372687,0.27386421
0.50981116,0.81233299,-0.99336928,-0.16961011
0.92505419,0.36311877,-0.72437000,-0.43271717
0.83712238,0.28461719,-0.88992733,-0.06042796
1.01050532,0.00797820,-0.65026540,-0.21185569
1.07597864,-0.35085696,-0.29146191,-0.28148848
1.03010881,-0.15150137,-0.56379062,-0.15073797
1.06015408,0.05678350,-0.45437062,-0.54122937
1.04685748,-0.04425762,-0.53667593,-0.32067880
0.94958639,-0.54296088,-0.36358839,0.15812168
0.95608062,-0.17022774,-0.67102444,0.07351781
1.00866306,-0.45667574,-0.36088797,-0.00885030
1.05043793,-0.21658933,-0.49181885,-0.18059979
0.96411246,-0.21236911,-0.63684452,0.07382002
0.91949058,0.07289623,-0.79184228,-0.02434671
1.06524062,-0.24148670,0.00303556,-0.72069794
0.97458339,-0.05344293,-0.69195956,-0.05561112
0.97663236,0.19226310,-0.68640035,-0.34087789
1.02253342,0.21625198,-0.41766289,-0.71923065
0.96825433,0.20619594,-0.70669228,-0.32449055
1.09297776,-0.26770887,-0.27860200,-0.40868774
1.09200120,-0.29451600,-0.25727892,-0.40114924
1.07240009,-0.38381264,-0.25079986,-0.28563255
1.05534732,-0.47724837,-0.19492327,-0.22337714
1.07586122,-0.36447895,-0.27948341,-0.27935982
1.01271927,0.05391320,-0.63574159,-0.28228179
1.04587221,-0.05042654,-0.55495995,-0.29224294
1.07834756,-0.05543421,-0.41781989,-0.47612271
0.96637875,0.31028542,-0.63545966,-0.51898772
1.02665615,0.02623527,-0.58456242,-0.32388717
1.06638885,0.01024855,-0.24716286,-0.72675008
1.00292373,-0.34424201,-0.46867785,-0.00889626
1.03772652,-0.12363756,-0.48527506,-0.27822214
0.69876927,0.46073771,-0.97219950,-0.01075054
0.91543388,0.31061354,-0.77433050,-0.30703264
0.87829590,0.16289906,-0.84842181,-0.01611553
1.03128946,-0.38307142,-0.40399963,-0.06929172
0.82952130,-0.19942509,-0.75145531,0.33907717
1.01151490,-0.00545073,-0.63621724,-0.21352454
0.91970062,-0.07705875,-0.73937893,0.08586154
0.97989047,0.08809970,-0.66570765,-0.25029141
1.05213094,0.05195857,-0.44004357,-0.54269063
0.87854958,0.09472130,-0.83890742,0.04978958
0.99380898,0.30662817,-0.44809875,-0.75464648
1.02643120,0.21729976,-0.43959019,-0.70038313
0.97587144,0.31211370,-0.26434147,-0.94530904
1.06724107,-0.12318993,-0.46673274,-0.33274806
1.08536279,-0.11044012,-0.40579900,-0.43548965
1.01243556,0.21690415,-0.49967372,-0.61716813
1.08111787,-0.05421482,-0.37225434,-0.53140038
0.97318101,0.23287264,-0.10582313,-1.02964830
0.95505351,0.28445908,-0.69865304,-0.40668127
0.90810126,0.33594957,-0.77965248,-0.32135218
1.05211377,-0.05197089,-0.53830093,-0.31612122
1.07794428,-0.20925978,-0.34638131,-0.38200516
1.07439816,-0.20804568,-0.41152683,-0.30677375
1.06921458,-0.11337497,-0.47779050,-0.33371243
1.04874456,0.12525289,-0.39721161,-0.66914690
0.89452159,0.47440186,-0.51578987,-0.75597072
1.08487308,-0.14896594,-0.39405027,-0.40463313
1.07175505,-0.38332748,-0.27809352,-0.25503701
1.01302683,-0.58807302,0.17300107,-0.46068648
1.00358212,-0.61177582,0.17602883,-0.42668679
0.87310493,-0.77483809,0.42849389,-0.37685943
0.96997213,-0.68099189,0.22436666,-0.36459702
1.06057060,-0.47389984,0.00131468,-0.45171830
1.05392492,-0.27884787,-0.43331051,-0.17961016
1.09166646,-0.13870321,-0.34402099,-0.47961831
1.05273247,-0.24626096,-0.46698406,-0.17744531
1.09765303,-0.24717036,-0.26590931,-0.45124945
1.09756720,-0.22834864,-0.15066090,-0.60077262
1.07039297,-0.08794932,-0.07195759,-0.81589770
1.06466508,-0.24073702,0.05348691,-0.77710903
1.09619510,-0.12475442,-0.28970245,-0.56097507
1.04771376,-0.44063646,0.12780333,-0.61559796
1.04012895,-0.56662136,0.01462037,-0.33900076
0.93281716,-0.70153707,0.33917755,-0.42739186
1.00101852,-0.07069302,-0.65137190,-0.11128683
1.06961584,-0.10404324,-0.47760686,-0.34488147
0.96459061,-0.11353300,-0.68702590,0.01786985
0.94029051,-0.71693903,-0.07640263,0.04458539
1.08924890,-0.19227801,-0.32597116,-0.43665323
0.98579866,-0.21846360,-0.60906470,0.02521827
1.07822406,-0.31703213,-0.31211880,-0.29910812
0.99754357,-0.29332498,-0.54524422,0.02515023
1.02920532,-0.52096575,-0.22973426,-0.10579764
1.02726042,-0.35437560,-0.44409493,-0.05238215
1.01535618,-0.40307128,-0.41978380,-0.01116707
0.99494666,-0.21836355,-0.58760005,-0.00915220
0.87188089,0.02529823,-0.82846320,0.12388540
1.03775251,-0.16098373,-0.54971522,-0.16438097
0.87059963,-0.14546204,-0.76157141,0.24313635
1.07358479,-0.44159266,-0.14049487,-0.34480134
1.02618301,-0.30959338,-0.47625372,-0.06577172
0.97121704,-0.21583699,-0.62101775,0.05206026
0.86559647,0.16122706,-0.85852468,0.01137942
0.94318485,0.26995063,-0.72250164,-0.35035011
0.81212801,0.20820323,-0.91089594,0.07725858
0.86363858,0.36165503,-0.83917224,-0.23372798
0.90196651,0.11442760,-0.81728339,-0.02297039
0.84145194,0.15124211,-0.86984760,0.06253362
0.87988079,-0.21309796,-0.70561618,0.24647887
0.85699922,-0.08198097,-0.79415411,0.22331202
0.81336975,0.08835546,-0.88615191,0.18327621
0.46204644,0.23223899,-1.04030621,0.59008056
0.08900030,0.90872949,-1.09119523,0.30645764
0.62069106,0.25097644,-1.01560664,0.36213791
0.40591776,0.37904871,-1.08344305,0.53622693
0.50715894,0.51853055,-1.07242155,0.25240541
0.24220930,0.85087788,-1.09421396,0.20181280
0.64164191,0.28419858,-1.01509464,0.30046630
0.80996716,0.33433458,-0.90779221,-0.06582829
0.80506736,0.30410057,-0.90910089,-0.02477717
0.73840982,0.18233763,-0.94253117,0.22496675
0.81281620,0.42770129,-0.88478708,-0.19984847
0.72633487,0.57465798,-0.91920674,-0.22927354
0.76811403,0.60724032,-0.83332795,-0.40888974
0.76566309,0.36637938,-0.94493157,-0.01046199
0.97067529,0.07637724,-0.72024024,-0.16590676
0.84419072,0.11984129,-0.86883825,0.09368227
0.82748127,0.10159935,-0.88186044,0.14762656
0.89980716,0.18915494,-0.82553494,-0.09550582
1.04548395,-0.08984901,-0.55099446,-0.25181839
0.92274326,0.04843016,-0.78367567,-0.00956527
0.77934980,0.40328678,-0.93043828,-0.08365309
0.62477446,0.61906427,-1.00490677,-0.06900395
0.61592674,0.90150142,-0.59116960,-0.83815467
0.76880634,0.27430975,-0.94608867,0.09097923
0.86261535,0.02901452,-0.83364701,0.13594858
0.90034086,0.07603815,-0.81251645,0.01679605
0.81458277,-0.02046287,-0.85077149,0.26505095
0.83937114,0.23297387,-0.87212527,-0.02463676
0.97531259,0.05104161,-0.71415305,-0.14939380
0.89103103,0.13412815,-0.83084589,-0.01768776
0.86967647,0.15424946,-0.85710639,0.01304686
0.92983800,0.11334704,-0.78534216,-0.08884799
0.82825017,0.43780980,-0.86041558,-0.25583616
0.98560548,0.17948577,-0.68441707,-0.33883795
1.04577804,0.10814454,-0.51710337,-0.51292950
1.04538655,0.03007141,-0.55493408,-0.38239348
0.97242320,0.16452664,-0.71224403,-0.27608126
0.94806689,-0.28033987,-0.61209351,0.14093681
1.04964876,-0.22687480,-0.48810917,-0.17225637
0.93741822,-0.07370937,-0.73379910,0.05584528
0.94368917,-0.06766532,-0.73211271,0.04007028
0.96285266,-0.31308404,-0.57790846,0.12301477
0.91788179,-0.35211870,-0.59168047,0.23315842
0.99212998,-0.36174870,-0.49970895,0.05760036
0.98087430,-0.24488831,-0.59201306,0.04154775
0.97834301,-0.17204627,-0.63980204,0.01561242
1.00678527,0.01840349,-0.65615559,-0.21283038
0.99964792,-0.13790211,-0.62900251,-0.05896126
0.55055952,0.31273925,-1.05096722,0.41124102
0.84926784,0.43312991,-0.82635653,-0.31227240
0.96926272,0.12948661,-0.72070444,-0.22361358
0.96462929,0.03142143,-0.72927642,-0.09836709
1.07697392,-0.08059268,-0.41961452,-0.44423252
0.98201901,0.30324215,-0.57246584,-0.59892577
0.86795586,0.56058729,-0.60676306,-0.72165006
1.09592330,-0.13627981,-0.27646956,-0.56243128
1.06913936,-0.36094922,0.05066366,-0.64361674
1.08393133,-0.19713882,-0.06608340,-0.71475750
1.06892931,-0.34799528,0.05220180,-0.65968430
1.04932964,-0.00297774,-0.06738041,-0.89289975
0.99877387,-0.56694174,0.25539055,-0.56018376
1.06923747,-0.46737406,-0.10958659,-0.34528890
1.06746304,-0.45095474,-0.19571245,-0.26580858
1.03077352,-0.51119995,-0.24825051,-0.09793767
1.08850873,-0.24386832,-0.06229009,-0.67152351
1.09647787,-0.18743667,-0.21683605,-0.57188529
0.99356627,0.16673492,-0.66113394,-0.35941800
1.05580115,-0.00995848,-0.52629042,-0.38099378
1.07375824,-0.39833197,-0.20224464,-0.32491797
0.96746707,-0.70937431,0.03764979,-0.12174011
1.01818430,-0.61017329,0.03779710,-0.29096675
0.98380321,-0.68253303,0.10677778,-0.24746649
1.03179550,-0.37146828,-0.41673541,-0.06874198
0.99343652,-0.48875958,-0.36623159,0.05045278
0.98994613,-0.45450988,-0.40742201,0.06171807
0.99373490,-0.28268290,-0.55666572,0.03019507
0.98458672,-0.45474079,-0.41981271,0.08184270
1.02888179,-0.33869296,-0.44625059,-0.06947733
1.01766348,-0.40564269,-0.41627300,-0.01479062
0.95103586,-0.35957471,-0.54712701,0.15443745
0.96845710,-0.23763660,-0.61973053,0.07830000
0.89248413,-0.17727609,-0.72747391,0.21624045
1.01946688,-0.28602025,-0.50950193,-0.04768449
0.98922294,-0.39594409,-0.46706229,0.06302511
0.95042014,-0.18520783,-0.66251981,0.08731230
0.83741242,-0.14237213,-0.77897853,0.29656389
0.80821103,0.02417690,-0.86960852,0.24296190
0.58464772,-0.22512624,-0.80797338,0.70778263
0.84939271,-0.38444522,-0.60889721,0.36616728
0.70907253,0.19023935,-0.97041988,0.28030220
0.90021282,0.05321793,-0.80764341,0.03721492
0.95462310,0.14960170,-0.73512173,-0.21365865
0.95476502,-0.50390828,-0.40214008,0.15123840
0.99977487,-0.27929181,-0.53360945,-0.00614270
0.88633174,-0.46075001,-0.49890584,0.28780082
0.85194218,-0.53647786,-0.46574143,0.37501395
0.83982825,-0.56922710,-0.43905330,0.39585593
1.03467464,-0.16040349,-0.54812288,-0.16332993
0.96293420,-0.51453078,-0.37699351,0.12594923
1.08856356,-0.20398219,-0.35492101,-0.39043698
1.02489829,-0.15948971,-0.57854950,-0.11940517
1.09053934,-0.12897436,-0.31374565,-0.52303803
1.05665791,0.07237305,-0.47886494,-0.52754360
1.02532578,-0.09416698,-0.60020024,-0.16934073
1.05982661,-0.28656828,-0.41885614,-0.19369096
1.08580101,-0.13820606,-0.39831740,-0.41304681
1.09119892,-0.07601295,-0.25926200,-0.64414829
1.09050250,-0.19446199,-0.36140317,-0.39612874
1.02465463,0.13012540,-0.13559361,-0.93892413
1.08421862,-0.16848938,-0.07416915,-0.73834234
1.09724653,-0.20248508,-0.29414889,-0.46965516
1.09079421,-0.22295229,-0.07927665,-0.67873812
1.09220171,-0.14969762,-0.34346956,-0.46845385
1.01796448,0.13274556,-0.10720234,-0.96594959
1.07020164,0.02799927,-0.41132507,-0.56812954
1.09707177,-0.18346207,-0.19651106,-0.59968126
1.07099175,-0.01330272,-0.25293201,-0.69899666
1.03639948,-0.34284905,-0.43016940,-0.09121218
1.05914068,-0.43859819,-0.25681531,-0.20223385
1.05139709,-0.17078577,-0.51360667,-0.20899795
0.96082127,-0.01526869,-0.72520238,-0.04601210
0.93150622,-0.00854929,-0.76045841,0.01883931
1.07020545,-0.27372363,-0.40539998,-0.23488405
1.07529187,-0.05386419,-0.45521927,-0.43276361
1.08581650,-0.21746701,-0.38119596,-0.34286514
1.06253171,0.00639303,-0.49508551,-0.44179040
1.09689546,-0.21386608,-0.30236626,-0.44728258
1.07212913,0.03829949,-0.39872706,-0.59594792
1.09276688,-0.20748717,-0.34098062,-0.40677366
1.02891588,-0.41613513,-0.38093013,-0.05507286
1.04494667,-0.50198644,-0.21330911,-0.16327003
0.99153030,-0.61396092,-0.16690370,-0.02847798
0.96441817,-0.49945819,-0.39873657,0.13152258
1.08734787,-0.28926381,-0.30890232,-0.34428200
1.06395221,-0.42985645,-0.24828914,-0.22701924
1.00943613,-0.13349757,-0.61307460,-0.09273424
0.98738384,-0.20380412,-0.61408287,0.01250602
0.98705441,-0.52272362,-0.33200246,0.05778152
1.00336897,-0.33240676,-0.49640989,0.00817097
1.08770049,-0.34539676,-0.23160292,-0.36758801
1.06379294,-0.32177651,-0.37662104,-0.20557874
1.01767898,-0.52761221,-0.25234276,-0.06009071
0.99480307,-0.66207069,0.09835379,-0.27356091
1.00089645,-0.65418446,0.06967216,-0.25737137
1.04573131,-0.47273499,-0.25447798,-0.15123104
1.07445788,-0.00130592,-0.43283361,-0.51596510
1.09176910,-0.26544058,-0.30176383,-0.38406754
1.09397459,-0.29781580,-0.22443900,-0.43625602
1.03183353,-0.57140017,-0.10001925,-0.19650033
1.02011681,-0.44818333,-0.36501589,-0.02676221
0.91815501,-0.76512671,0.00277907,0.03565093
1.08216596,-0.39512798,-0.08017603,-0.47404972
1.09599745,-0.21216640,-0.29356650,-0.45798773
1.09522283,-0.18217376,-0.24250893,-0.54778779
1.08713663,-0.25587577,-0.31643379,-0.37325853
1.06321251,-0.49488637,-0.07243884,-0.34888309
1.03084230,-0.33557734,-0.44432932,-0.07734345
1.07343519,-0.14313431,-0.44767952,-0.33851507
1.01794195,0.23318961,-0.34715617,-0.81168383
1.04042792,-0.55701840,-0.02107565,-0.31037948
0.93393797,-0.75993454,0.19816846,-0.20575677
1.00439966,-0.58231044,-0.19702643,-0.04510894
1.04871643,-0.39225948,-0.35894576,-0.12884307
0.96498340,-0.36878064,-0.51973230,0.11851632
0.94966561,-0.44912520,-0.47250080,0.17369831
1.03059983,-0.12128427,-0.56768751,-0.18098639
1.05549514,-0.32626045,-0.39466539,-0.17104265
1.08100021,-0.02140908,-0.37419742,-0.56605381
1.08372676,-0.26614147,-0.35284299,-0.31727105
1.07862377,-0.02724786,-0.38185269,-0.54826087
0.78066415,0.66521662,-0.31881085,-1.06169796
0.98938590,0.25994721,-0.58569145,-0.54374915
0.79172724,0.28082031,-0.92885303,0.03853304
0.83453524,0.59570402,-0.66554970,-0.65792429
0.89209610,0.05454805,0.29807690,-1.18719983
1.06191230,-0.29492217,-0.40237126,-0.20500781
0.97242761,0.09511822,-0.71882737,-0.19057097
1.04922628,-0.43816659,-0.26412702,-0.18336628
1.08989751,-0.31003287,-0.16586663,-0.48315331
1.03997588,-0.55234236,-0.08123240,-0.24810354
1.07042301,-0.04156668,-0.22166604,-0.70135748
0.97978032,-0.38010293,-0.49236876,0.08405372
1.09167516,-0.32104406,-0.18010178,-0.45689785
1.04436111,-0.06883154,-0.55672008,-0.26784277
0.99656361,-0.03392827,-0.66694123,-0.13031353
1.03989708,-0.21991597,-0.51463670,-0.13951294
1.04828835,-0.29557905,-0.44424376,-0.14221089
0.89252889,-0.44523329,-0.53086519,0.29893050
1.06174088,-0.33986136,-0.35031077,-0.21220629
1.06741118,-0.25631046,-0.42033648,-0.23469591
1.02665591,-0.52382869,-0.23937164,-0.08895248
1.04164147,-0.55143493,-0.10874213,-0.22035451
1.03468573,-0.48719105,-0.27870044,-0.09547247
1.07455838,-0.38416389,-0.01968624,-0.54520351
1.06866813,-0.38382423,0.04944710,-0.61596280
0.94417548,-0.70607221,0.29353562,-0.38426363
1.01474869,-0.61357284,-0.06293128,-0.17101391
1.04546523,-0.54027766,0.00212977,-0.36078697
1.01666021,-0.45477962,-0.34645370,-0.03610903
0.98799103,-0.67384684,0.09993961,-0.25436407
1.00443423,-0.49540704,-0.33446905,0.01011712
0.96017563,-0.71368980,-0.00697059,-0.05891773
1.05020607,-0.50735360,-0.00211739,-0.39849773
0.93234122,-0.75413251,0.01889138,-0.01072089
1.04212785,-0.48502907,-0.24964558,-0.13869505
0.94363683,-0.72011125,0.26439613,-0.33537179
1.04547012,-0.52890390,-0.10956423,-0.24914430
0.99954408,-0.38526598,-0.46076670,0.03231658
1.04504490,-0.15972406,-0.53350502,-0.19210528
0.97788161,-0.28519037,-0.56474185,0.05993754
0.77708709,-0.18624979,-0.78528827,0.42120254
0.75764477,-0.44316846,-0.59762615,0.52345437
0.91006368,0.16781561,-0.80544728,-0.10544620
0.95234203,0.03783883,-0.73034686,-0.09051459
1.00117445,-0.05862456,-0.64317447,-0.13419093
0.88250345,0.20378964,-0.83897889,-0.07745139
0.84201002,0.21043612,-0.88546479,0.01263052
0.90821731,0.37678954,-0.74831998,-0.40239772
0.86042309,0.38139039,-0.83535528,-0.25657618
1.02661037,0.17945334,-0.52714282,-0.56039768
0.87799728,0.32054684,-0.83268201,-0.21088646
0.78489161,0.54016566,-0.86633235,-0.31552586
0.98669934,0.30892560,-0.34782588,-0.86093110
1.08506978,-0.07183728,-0.27417827,-0.62530279
0.85314971,0.31600058,-0.86957216,-0.13657440
1.01386297,-0.22406575,-0.55919498,-0.05576181
1.06808043,-0.14632954,-0.45950839,-0.31568292
1.01745868,0.16259000,-0.59363073,-0.45697272
0.95491558,0.26083222,-0.71992570,-0.35620889
0.89868772,0.46738946,-0.66881335,-0.58226889
0.77220601,0.58189934,-0.85939002,-0.35593078
1.02354729,0.07379422,-0.61289626,-0.34237024
0.99273670,0.23870543,-0.62707138,-0.47750124
0.92246586,-0.07987323,-0.74593925,0.09321623
1.07595944,-0.22677024,-0.41656989,-0.28182819
0.92382812,-0.19616789,-0.69143647,0.16193567
1.00010157,-0.25331527,-0.56997448,0.00474987
1.00623369,-0.44214234,-0.39696613,0.01772711
1.02775681,-0.58773565,-0.01056706,-0.27316800
1.00830758,-0.24998397,-0.54638189,-0.03456656
1.06376863,-0.14565742,-0.45851567,-0.31267250
1.06475449,-0.01789663,-0.46421766,-0.45133916
0.91284388,-0.07388902,-0.75530678,0.10778957
0.97277230,-0.37135538,-0.51166630,0.10362484
0.85795361,-0.27138814,-0.69221026,0.32198128
1.02097261,-0.34129786,-0.45454097,-0.04836557
1.03306699,-0.31750348,-0.46436509,-0.07789012
1.03659928,-0.06297869,-0.57471830,-0.24560693
1.00450957,-0.38170385,-0.46115386,0.02312319
1.04813540,-0.10616519,-0.53946561,-0.24928381
0.94034606,-0.19922793,-0.67207122,0.12513381
1.00773847,-0.39990076,-0.43953577,0.01588141
0.99906826,-0.04350435,-0.66391307,-0.12573247
1.04640019,0.04001026,-0.55452466,-0.39519024
1.03987491,-0.07164457,-0.57103139,-0.24365671
0.99941820,-0.30200475,-0.53794849,0.02467859
1.03225887,-0.14252381,-0.57095087,-0.15530166
1.05136895,-0.27726424,-0.45568457,-0.15357381
1.00600851,-0.25091267,-0.56008101,-0.01565703
0.93535471,0.28478315,-0.75214297,-0.32517764
1.06619072,-0.32536802,-0.37434107,-0.20678404
0.92867643,0.01215072,-0.77187777,0.01144636
1.03736258,-0.24905051,-0.50098598,-0.11904286
1.04718971,-0.04185177,-0.55279559,-0.30580217
1.04884589,-0.26740992,-0.46193281,-0.15485923
0.94236612,0.15648624,-0.76765043,-0.17131284
0.93098843,0.20415510,-0.77581167,-0.20305154
0.97934383,-0.01192668,-0.69675756,-0.10240819
1.06062341,-0.05770237,-0.51191586,-0.34868431
0.85638416,-0.31595385,-0.65806574,0.33590603
0.97153622,-0.63521874,-0.14554432,-0.00573521
1.03524160,-0.22727983,-0.51841784,-0.12174315
0.94865072,0.16298829,-0.75636923,-0.19831060
1.07050025,-0.17534693,-0.45156705,-0.29458264
1.01386642,-0.23424836,-0.55005354,-0.05448267
1.00197804,-0.06418186,-0.64612287,-0.12555425
0.70090562,0.47376984,-0.98156112,-0.01741267
1.06278598,-0.29824948,-0.39992359,-0.20497495
0.93928009,-0.18342203,-0.66929978,0.10544719
0.96394795,-0.21464711,-0.63278419,0.07204736
1.03391838,-0.10819966,-0.57973343,-0.18605286
1.09209752,-0.12711160,-0.25380713,-0.59368628
1.01510978,-0.53038818,0.19173302,-0.54888827
1.09693444,-0.22339423,-0.19768772,-0.55323642
1.04126847,-0.52370489,0.10510274,-0.48945200
1.08036172,-0.26293889,-0.35205057,-0.31795785
1.02345932,-0.00967105,-0.60191184,-0.26049763
0.75764191,0.44068035,-0.93771857,-0.09312364
1.03985834,-0.23159242,-0.48779923,-0.15622188
0.93175805,-0.30106166,-0.61327034,0.18402229
0.93755025,0.11609354,-0.77555507,-0.11156435
1.08881652,-0.27578208,-0.31058425,-0.35925356
1.00171971,-0.32442927,-0.51080936,0.01709460
1.02787685,-0.57394361,-0.11894794,-0.16807121
1.05416930,-0.52333283,-0.02608125,-0.35827601
1.01083052,-0.62379760,-0.02992845,-0.19184306
1.04578900,-0.30512607,-0.43762207,-0.13601081
1.07615578,-0.30444899,-0.00926700,-0.64840782
1.05521047,-0.45766068,-0.06831174,-0.38636717
1.09167099,-0.22625956,-0.32017374,-0.40757522
0.98199302,-0.37607557,-0.49495083,0.07989366
1.02191651,-0.51032507,0.15830772,-0.54193479
1.07195163,-0.41895184,-0.20729227,-0.29402587
1.09118390,-0.14322549,-0.20843729,-0.62505847
0.88897741,0.28080139,-0.82634747,-0.18558763
0.77396929,0.50538862,-0.89583784,-0.23113111
0.92057228,0.44907206,-0.51252812,-0.76051939
0.82073480,0.45947078,-0.85863996,-0.27371836
1.06447268,0.06530337,-0.36699584,-0.65306783
0.68126738,0.80914271,-0.69329512,-0.69418138
1.02376413,0.22656451,-0.41743982,-0.73248619
1.02522635,0.18886684,-0.52345973,-0.57354063
1.05592179,-0.07583982,-0.51458853,-0.31996244
0.91819233,0.45992753,-0.52075332,-0.76089138
1.03379917,-0.01194438,-0.58791220,-0.28522366
0.84531164,0.38795906,-0.84634262,-0.23465155
1.06509364,-0.07996604,-0.48985124,-0.35324609
0.74094862,0.28114969,-0.96737760,0.13848421
0.92460752,0.41061723,-0.67400908,-0.54182976
0.95400399,0.21854895,-0.73820186,-0.28718704
1.08333981,-0.01546396,-0.34773239,-0.60488433
0.95358777,0.39860180,-0.38537052,-0.88267845
1.03301787,-0.00759006,-0.59771794,-0.27831885
1.08334398,-0.04985818,-0.38342509,-0.52637637
1.08512783,-0.20274518,-0.38841003,-0.35063052
1.08306110,-0.38125077,-0.09105399,-0.47857109
1.02740002,0.19519520,-0.42813548,-0.68934417
1.08852351,-0.11882637,-0.21123265,-0.64641893
0.91751432,0.06644806,-0.79181784,-0.01487724
0.95958519,-0.17044862,-0.65404862,0.05088939
0.85140687,-0.14081429,-0.77523667,0.27482179
0.94973856,-0.24582678,-0.63072330,0.12093174
0.51631421,0.29783553,-1.04645932,0.46171236
0.74546224,0.38601065,-0.94796300,-0.00636344
0.90207207,-0.00451530,-0.79358542,0.08447775
0.93614942,-0.12157193,-0.71659940,0.09202502
1.03996480,-0.32121006,-0.44746718,-0.10034092
0.90864414,-0.12610246,-0.73795253,0.15201071
1.07055020,-0.03351538,-0.43207258,-0.47611636
1.06881773,-0.39108077,-0.27429274,-0.24721904
1.04448390,-0.55700678,-0.03025502,-0.30474862
1.02150798,-0.38493603,-0.43016750,-0.02697703
0.97715169,-0.26722798,-0.58939296,0.06799868
1.04986656,-0.26751015,-0.46613842,-0.15121368
1.04232800,-0.23038635,-0.50939971,-0.13630259
1.05416381,-0.52386218,-0.05441951,-0.32609671
1.02550375,-0.21606702,-0.54756129,-0.09089223
1.02600753,-0.60230458,0.00334807,-0.27028626
1.04806638,-0.27465364,-0.45927820,-0.14877698
1.00256181,-0.35547689,-0.49024540,0.02819985
0.98894006,-0.51330274,-0.33678573,0.05036872
0.97062451,-0.35248175,-0.53006268,0.10529265
0.92852998,0.15124568,-0.77670890,-0.13967744
1.01765275,-0.02826288,-0.62658578,-0.20549938
1.03295481,-0.09395833,-0.58244193,-0.19798675
1.04896510,0.04738868,-0.52099019,-0.44376716
1.08849168,-0.22091623,-0.32611731,-0.40337729
0.97897089,-0.37395525,-0.50351691,0.09046628
1.06321180,-0.44664437,0.03706059,-0.52523464
1.09812891,-0.23618814,-0.22833344,-0.50602776
1.08987129,-0.32722282,-0.24361742,-0.37712455
1.05661714,-0.00584219,-0.52385670,-0.38926437
1.07847416,-0.19181065,-0.42465207,-0.31504229
1.09194744,-0.34007278,-0.12120853,-0.50139624
1.01176620,-0.05902786,-0.63200504,-0.15815450
1.07720411,0.01004482,-0.35236087,-0.62152410
1.08193123,-0.04483683,-0.37523979,-0.53955632
0.93194503,0.11753739,-0.77966958,-0.10227038
0.87222290,0.52515757,-0.31608817,-1.01046157
0.67602932,0.41093937,-1.01049185,0.11371218
0.79365259,0.48339090,-0.88598377,-0.23958158
0.89254349,0.46587476,-0.70056206,-0.53824079
1.01090205,0.22110005,-0.24686821,-0.90185899
1.04669118,0.04004524,-0.54892284,-0.40180051
1.04291439,-0.03254085,-0.57208985,-0.28995806
0.99457943,0.18181778,-0.65946263,-0.37941441
1.01658869,-0.04281146,-0.62707382,-0.18736568
0.76607490,0.14176454,-0.92820412,0.22343311
0.85466862,-0.02897122,-0.81695491,0.19164439
0.96920067,-0.19105339,-0.64294583,0.05085799
0.80872262,0.03547268,-0.87354124,0.23404248
0.88167965,-0.03513428,-0.79670155,0.14548780
0.27256984,0.72736192,-1.11566579,0.33052465
0.72672343,0.35650337,-0.97809356,0.08162731
0.86441261,0.24379510,-0.86328441,-0.07498102
0.76461518,0.23878007,-0.94281715,0.13209055
0.92269814,0.16967021,-0.78114319,-0.14889756
1.02374840,-0.05727174,-0.59808958,-0.21146750
0.95685840,0.11221434,-0.74717450,-0.16064288
0.94021958,0.00109806,-0.75044018,-0.01303905
1.03777206,-0.01952047,-0.57447940,-0.29614881
0.96217513,0.02824940,-0.73154587,-0.08949147
0.92230374,0.13899456,-0.79564995,-0.09773492
0.90926355,0.22017677,-0.80401564,-0.16511501
0.64048922,0.29300898,-1.01038170,0.28659377
0.87352836,0.12872291,-0.85162723,0.03134016
0.66101378,0.27916789,-0.99547338,0.26237300
1.06909788,-0.09235840,-0.44106221,-0.39817885
0.91087908,-0.00410157,-0.78527516,0.06479714
1.00967228,-0.24306163,-0.55513859,-0.03414876
1.02276707,-0.09152878,-0.60540783,-0.16361740
1.02649903,-0.18381555,-0.55982435,-0.11467970
1.00443971,-0.41681203,-0.42349327,0.02078228
1.01991820,-0.52058512,-0.26625729,-0.05503199
0.93905872,-0.07446854,-0.73128849,0.05204867
0.99532402,-0.18624680,-0.61105001,-0.01962407
0.86406589,-0.12184447,-0.77552259,0.23946494
0.86922628,0.31172800,-0.84506804,-0.17723778
0.94488448,0.10115982,-0.75282323,-0.12836301
0.88394612,0.18533415,-0.84048176,-0.05661948
0.84102321,0.18907438,-0.88594455,0.03834173
0.83761472,0.55029142,-0.75471586,-0.51089668
0.98582441,0.16323628,-0.69103307,-0.31341040
0.91088158,0.22167736,-0.80923265,-0.16282091
0.99020028,-0.05600699,-0.67275894,-0.09176963
1.07073092,-0.03951729,-0.46300319,-0.43509474
1.04456019,0.10927882,-0.51473063,-0.51547444
0.88717216,0.03548058,-0.81938624,0.08501837
0.90394819,0.39706734,-0.74429637,-0.42489618
1.04586208,0.04414780,-0.15370424,-0.84587157
1.05399668,0.11945273,-0.33886284,-0.73356754
0.87057352,0.16309251,-0.85190374,-0.00372479
1.05546355,0.08520963,-0.23454705,-0.81289285
1.03080809,0.18647443,-0.47743493,-0.62843972
1.04830277,-0.10126145,-0.53171808,-0.26362929
1.07973254,-0.00293861,-0.33147320,-0.63303262
0.93038362,0.33564833,-0.73716456,-0.39354223
1.01675022,-0.27600148,-0.52437562,-0.03932509
1.07732940,-0.35953465,-0.29331267,-0.27117863
1.05313540,-0.46657801,-0.24163336,-0.18084747
0.99427521,-0.21257257,-0.60271055,0.00192134
0.97289944,-0.64552516,-0.16235733,0.02306747
0.96001929,-0.47173017,-0.43810210,0.14912707
1.04126585,-0.42654368,-0.33742011,-0.10579087
1.02267957,-0.37801605,-0.43302783,-0.03290844
1.05919778,-0.14496069,-0.50606197,-0.25531057
1.06509280,-0.27822042,-0.42204311,-0.20549507
1.04886115,-0.17811400,-0.51877445,-0.19211887
0.98808223,-0.36714268,-0.50158030,0.07033630
1.02737403,-0.26890743,-0.51241529,-0.07265096
0.93314075,-0.35046425,-0.57623482,0.19683689
0.95752490,-0.29636165,-0.58954847,0.12317123
0.92987943,-0.24869822,-0.65412325,0.17268693
0.70896083,-0.53464079,-0.53499186,0.61172074
0.80578721,-0.63876855,-0.37914535,0.44590709
0.87313771,-0.25304130,-0.69488555,0.28713450
1.02145886,-0.10042680,-0.60106796,-0.15695226
1.04587805,-0.24182041,-0.48631331,-0.15316115
0.91840172,0.08195045,-0.79813802,-0.02629919
0.81987250,0.39087117,-0.88988143,-0.16066313
0.64846462,0.52639151,-1.01101935,0.01541437
0.78321052,0.43369797,-0.91965216,-0.13428998
0.72316450,0.51433235,-0.94896227,-0.12458482
0.94247884,0.16719778,-0.76635420,-0.18494985
0.96370643,0.24877137,-0.70047146,-0.37423778
1.07165325,-0.35418862,-0.31060523,-0.25151560
0.94756454,-0.62861145,-0.22280830,0.10001203
1.08745718,-0.32291061,-0.18208551,-0.44781730
0.97076547,0.28003803,-0.63600087,-0.48927319
1.03009498,-0.02283933,-0.58840001,-0.26822168
1.07882583,-0.40738738,-0.09615931,-0.43865559
1.08849907,-0.35091186,-0.12291417,-0.48338905
1.08933747,-0.33417273,-0.24628305,-0.36572281
